"date","geoRegion","sex","entries","type_variant","pop","sumTotal","per100Persons","per100Persons_mean7d","per100PersonsTotal","mean7d","type","version","granularity","freq","prct"
202052,"AI","male",9,"sex",8303,9,0.11,NA,0.11,NA,"COVID19VaccDosesAdministered","2021-03-23_09-08-35","detailed",0.205,20.5
202053,"AI","male",0,"sex",8303,9,0,NA,0.11,NA,"COVID19VaccDosesAdministered","2021-03-23_09-08-35","detailed",NA,NA
202101,"AI","male",180,"sex",8303,189,2.17,NA,2.28,NA,"COVID19VaccDosesAdministered","2021-03-23_09-08-35","detailed",0.511,51.1
202102,"AI","male",94,"sex",8303,283,1.13,1.19,3.41,98.71,"COVID19VaccDosesAdministered","2021-03-23_09-08-35","detailed",0.485,48.5
202103,"AI","male",177,"sex",8303,460,2.13,1.41,5.54,117.29,"COVID19VaccDosesAdministered","2021-03-23_09-08-35","detailed",0.494,49.4
202104,"AI","male",68,"sex",8303,528,0.82,1.75,6.36,145.29,"COVID19VaccDosesAdministered","2021-03-23_09-08-35","detailed",0.391,39.1
202105,"AI","male",163,"sex",8303,691,1.96,1.53,8.32,127,"COVID19VaccDosesAdministered","2021-03-23_09-08-35","detailed",0.509,50.9
202106,"AI","male",139,"sex",8303,830,1.67,1.43,10,118.57,"COVID19VaccDosesAdministered","2021-03-23_09-08-35","detailed",0.473,47.3
202107,"AI","male",196,"sex",8303,1026,2.36,1.21,12.36,100.14,"COVID19VaccDosesAdministered","2021-03-23_09-08-35","detailed",0.489,48.9
202108,"AI","male",52,"sex",8303,1078,0.63,1.1,12.98,91.57,"COVID19VaccDosesAdministered","2021-03-23_09-08-35","detailed",0.486,48.6
202109,"AI","male",35,"sex",8303,1113,0.42,NA,13.4,NA,"COVID19VaccDosesAdministered","2021-03-23_09-08-35","detailed",0.467,46.7
202110,"AI","male",48,"sex",8303,1161,0.58,NA,13.98,NA,"COVID19VaccDosesAdministered","2021-03-23_09-08-35","detailed",0.457,45.7
202111,"AI","male",8,"sex",8303,1169,0.1,NA,14.08,NA,"COVID19VaccDosesAdministered","2021-03-23_09-08-35","detailed",0.364,36.4
202052,"AI","female",35,"sex",7825,35,0.45,NA,0.45,NA,"COVID19VaccDosesAdministered","2021-03-23_09-08-35","detailed",0.795,79.5
202053,"AI","female",0,"sex",7825,35,0,NA,0.45,NA,"COVID19VaccDosesAdministered","2021-03-23_09-08-35","detailed",NA,NA
202101,"AI","female",172,"sex",7825,207,2.2,NA,2.65,NA,"COVID19VaccDosesAdministered","2021-03-23_09-08-35","detailed",0.489,48.9
202102,"AI","female",100,"sex",7825,307,1.28,1.37,3.92,107.29,"COVID19VaccDosesAdministered","2021-03-23_09-08-35","detailed",0.515,51.5
202103,"AI","female",181,"sex",7825,488,2.31,1.59,6.24,124.43,"COVID19VaccDosesAdministered","2021-03-23_09-08-35","detailed",0.506,50.6
202104,"AI","female",106,"sex",7825,594,1.35,1.96,7.59,153.71,"COVID19VaccDosesAdministered","2021-03-23_09-08-35","detailed",0.609,60.9
202105,"AI","female",157,"sex",7825,751,2.01,1.75,9.6,137,"COVID19VaccDosesAdministered","2021-03-23_09-08-35","detailed",0.491,49.1
202106,"AI","female",155,"sex",7825,906,1.98,1.64,11.58,128.43,"COVID19VaccDosesAdministered","2021-03-23_09-08-35","detailed",0.527,52.7
202107,"AI","female",205,"sex",7825,1111,2.62,1.41,14.2,110.71,"COVID19VaccDosesAdministered","2021-03-23_09-08-35","detailed",0.511,51.1
202108,"AI","female",55,"sex",7825,1166,0.7,1.25,14.9,97.57,"COVID19VaccDosesAdministered","2021-03-23_09-08-35","detailed",0.514,51.4
202109,"AI","female",40,"sex",7825,1206,0.51,NA,15.41,NA,"COVID19VaccDosesAdministered","2021-03-23_09-08-35","detailed",0.533,53.3
202110,"AI","female",57,"sex",7825,1263,0.73,NA,16.14,NA,"COVID19VaccDosesAdministered","2021-03-23_09-08-35","detailed",0.543,54.3
202111,"AI","female",14,"sex",7825,1277,0.18,NA,16.32,NA,"COVID19VaccDosesAdministered","2021-03-23_09-08-35","detailed",0.636,63.6
202052,"AI","unknown",0,"sex",NA,0,NA,NA,NA,NA,"COVID19VaccDosesAdministered","2021-03-23_09-08-35","detailed",0,0
202053,"AI","unknown",0,"sex",NA,0,NA,NA,NA,NA,"COVID19VaccDosesAdministered","2021-03-23_09-08-35","detailed",NA,NA
202101,"AI","unknown",0,"sex",NA,0,NA,NA,NA,NA,"COVID19VaccDosesAdministered","2021-03-23_09-08-35","detailed",0,0
202102,"AI","unknown",0,"sex",NA,0,NA,NA,NA,0,"COVID19VaccDosesAdministered","2021-03-23_09-08-35","detailed",0,0
202103,"AI","unknown",0,"sex",NA,0,NA,NA,NA,0,"COVID19VaccDosesAdministered","2021-03-23_09-08-35","detailed",0,0
202104,"AI","unknown",0,"sex",NA,0,NA,NA,NA,0,"COVID19VaccDosesAdministered","2021-03-23_09-08-35","detailed",0,0
202105,"AI","unknown",0,"sex",NA,0,NA,NA,NA,0,"COVID19VaccDosesAdministered","2021-03-23_09-08-35","detailed",0,0
202106,"AI","unknown",0,"sex",NA,0,NA,NA,NA,0,"COVID19VaccDosesAdministered","2021-03-23_09-08-35","detailed",0,0
202107,"AI","unknown",0,"sex",NA,0,NA,NA,NA,0,"COVID19VaccDosesAdministered","2021-03-23_09-08-35","detailed",0,0
202108,"AI","unknown",0,"sex",NA,0,NA,NA,NA,0,"COVID19VaccDosesAdministered","2021-03-23_09-08-35","detailed",0,0
202109,"AI","unknown",0,"sex",NA,0,NA,NA,NA,NA,"COVID19VaccDosesAdministered","2021-03-23_09-08-35","detailed",0,0
202110,"AI","unknown",0,"sex",NA,0,NA,NA,NA,NA,"COVID19VaccDosesAdministered","2021-03-23_09-08-35","detailed",0,0
202111,"AI","unknown",0,"sex",NA,0,NA,NA,NA,NA,"COVID19VaccDosesAdministered","2021-03-23_09-08-35","detailed",0,0
202052,"AR","male",0,"sex",27938,0,0,NA,0,NA,"COVID19VaccDosesAdministered","2021-03-23_09-08-35","detailed",NA,NA
202053,"AR","male",2,"sex",27938,2,0.01,NA,0.01,NA,"COVID19VaccDosesAdministered","2021-03-23_09-08-35","detailed",1,100
202101,"AR","male",226,"sex",27938,228,0.81,NA,0.82,NA,"COVID19VaccDosesAdministered","2021-03-23_09-08-35","detailed",0.325,32.5
202102,"AR","male",0,"sex",27938,228,0,0.82,0.82,230.29,"COVID19VaccDosesAdministered","2021-03-23_09-08-35","detailed",NA,NA
202103,"AR","male",665,"sex",27938,893,2.38,0.86,3.2,240.43,"COVID19VaccDosesAdministered","2021-03-23_09-08-35","detailed",0.486,48.6
202104,"AR","male",719,"sex",27938,1612,2.57,1.21,5.77,337.29,"COVID19VaccDosesAdministered","2021-03-23_09-08-35","detailed",0.441,44.1
202105,"AR","male",0,"sex",27938,1612,0,1.31,5.77,366.71,"COVID19VaccDosesAdministered","2021-03-23_09-08-35","detailed",NA,NA
202106,"AR","male",71,"sex",27938,1683,0.25,1.46,6.02,409.43,"COVID19VaccDosesAdministered","2021-03-23_09-08-35","detailed",0.289,28.9
202107,"AR","male",680,"sex",27938,2363,2.43,1.22,8.46,342.43,"COVID19VaccDosesAdministered","2021-03-23_09-08-35","detailed",0.515,51.5
202108,"AR","male",432,"sex",27938,2795,1.55,1.17,10,328.43,"COVID19VaccDosesAdministered","2021-03-23_09-08-35","detailed",0.541,54.1
202109,"AR","male",299,"sex",27938,3094,1.07,NA,11.07,NA,"COVID19VaccDosesAdministered","2021-03-23_09-08-35","detailed",0.502,50.2
202110,"AR","male",196,"sex",27938,3290,0.7,NA,11.78,NA,"COVID19VaccDosesAdministered","2021-03-23_09-08-35","detailed",0.5,50
202111,"AR","male",621,"sex",27938,3911,2.22,NA,14,NA,"COVID19VaccDosesAdministered","2021-03-23_09-08-35","detailed",0.518,51.8
202052,"AR","female",0,"sex",27507,0,0,NA,0,NA,"COVID19VaccDosesAdministered","2021-03-23_09-08-35","detailed",NA,NA
202053,"AR","female",0,"sex",27507,0,0,NA,0,NA,"COVID19VaccDosesAdministered","2021-03-23_09-08-35","detailed",0,0
202101,"AR","female",468,"sex",27507,468,1.7,NA,1.7,NA,"COVID19VaccDosesAdministered","2021-03-23_09-08-35","detailed",0.673,67.3
202102,"AR","female",0,"sex",27507,468,0,1.08,1.7,297.57,"COVID19VaccDosesAdministered","2021-03-23_09-08-35","detailed",NA,NA
202103,"AR","female",703,"sex",27507,1171,2.56,1.17,4.26,322.57,"COVID19VaccDosesAdministered","2021-03-23_09-08-35","detailed",0.514,51.4
202104,"AR","female",912,"sex",27507,2083,3.32,1.51,7.57,414,"COVID19VaccDosesAdministered","2021-03-23_09-08-35","detailed",0.559,55.9
202105,"AR","female",0,"sex",27507,2083,0,1.45,7.57,399.57,"COVID19VaccDosesAdministered","2021-03-23_09-08-35","detailed",NA,NA
202106,"AR","female",175,"sex",27507,2258,0.64,1.61,8.21,442,"COVID19VaccDosesAdministered","2021-03-23_09-08-35","detailed",0.711,71.1
202107,"AR","female",640,"sex",27507,2898,2.33,1.34,10.54,369.57,"COVID19VaccDosesAdministered","2021-03-23_09-08-35","detailed",0.485,48.5
202108,"AR","female",367,"sex",27507,3265,1.33,1.17,11.87,321.71,"COVID19VaccDosesAdministered","2021-03-23_09-08-35","detailed",0.459,45.9
202109,"AR","female",297,"sex",27507,3562,1.08,NA,12.95,NA,"COVID19VaccDosesAdministered","2021-03-23_09-08-35","detailed",0.498,49.8
202110,"AR","female",196,"sex",27507,3758,0.71,NA,13.66,NA,"COVID19VaccDosesAdministered","2021-03-23_09-08-35","detailed",0.5,50
202111,"AR","female",577,"sex",27507,4335,2.1,NA,15.76,NA,"COVID19VaccDosesAdministered","2021-03-23_09-08-35","detailed",0.482,48.2
202052,"AR","unknown",0,"sex",NA,0,NA,NA,NA,NA,"COVID19VaccDosesAdministered","2021-03-23_09-08-35","detailed",NA,NA
202053,"AR","unknown",0,"sex",NA,0,NA,NA,NA,NA,"COVID19VaccDosesAdministered","2021-03-23_09-08-35","detailed",0,0
202101,"AR","unknown",1,"sex",NA,1,NA,NA,NA,NA,"COVID19VaccDosesAdministered","2021-03-23_09-08-35","detailed",0.001,0.1
202102,"AR","unknown",0,"sex",NA,1,NA,NA,NA,0.14,"COVID19VaccDosesAdministered","2021-03-23_09-08-35","detailed",NA,NA
202103,"AR","unknown",0,"sex",NA,1,NA,NA,NA,0.14,"COVID19VaccDosesAdministered","2021-03-23_09-08-35","detailed",0,0
202104,"AR","unknown",0,"sex",NA,1,NA,NA,NA,0.14,"COVID19VaccDosesAdministered","2021-03-23_09-08-35","detailed",0,0
202105,"AR","unknown",0,"sex",NA,1,NA,NA,NA,0,"COVID19VaccDosesAdministered","2021-03-23_09-08-35","detailed",NA,NA
202106,"AR","unknown",0,"sex",NA,1,NA,NA,NA,0,"COVID19VaccDosesAdministered","2021-03-23_09-08-35","detailed",0,0
202107,"AR","unknown",0,"sex",NA,1,NA,NA,NA,0,"COVID19VaccDosesAdministered","2021-03-23_09-08-35","detailed",0,0
202108,"AR","unknown",0,"sex",NA,1,NA,NA,NA,0,"COVID19VaccDosesAdministered","2021-03-23_09-08-35","detailed",0,0
202109,"AR","unknown",0,"sex",NA,1,NA,NA,NA,NA,"COVID19VaccDosesAdministered","2021-03-23_09-08-35","detailed",0,0
202110,"AR","unknown",0,"sex",NA,1,NA,NA,NA,NA,"COVID19VaccDosesAdministered","2021-03-23_09-08-35","detailed",0,0
202111,"AR","unknown",0,"sex",NA,1,NA,NA,NA,NA,"COVID19VaccDosesAdministered","2021-03-23_09-08-35","detailed",0,0
202052,"BE","male",0,"sex",510170,0,0,NA,0,NA,"COVID19VaccDosesAdministered","2021-03-23_09-08-35","detailed",NA,NA
202053,"BE","male",0,"sex",510170,0,0,NA,0,NA,"COVID19VaccDosesAdministered","2021-03-23_09-08-35","detailed",NA,NA
202101,"BE","male",0,"sex",510170,0,0,NA,0,NA,"COVID19VaccDosesAdministered","2021-03-23_09-08-35","detailed",NA,NA
202102,"BE","male",1933,"sex",510170,1933,0.38,0.44,0.38,2268.29,"COVID19VaccDosesAdministered","2021-03-23_09-08-35","detailed",0.437,43.7
202103,"BE","male",4240,"sex",510170,6173,0.83,0.62,1.21,3160.43,"COVID19VaccDosesAdministered","2021-03-23_09-08-35","detailed",0.426,42.6
202104,"BE","male",4714,"sex",510170,10887,0.92,0.84,2.13,4282,"COVID19VaccDosesAdministered","2021-03-23_09-08-35","detailed",0.458,45.8
202105,"BE","male",4991,"sex",510170,15878,0.98,1.02,3.11,5219.29,"COVID19VaccDosesAdministered","2021-03-23_09-08-35","detailed",0.453,45.3
202106,"BE","male",6245,"sex",510170,22123,1.22,1.16,4.34,5932.14,"COVID19VaccDosesAdministered","2021-03-23_09-08-35","detailed",0.404,40.4
202107,"BE","male",7851,"sex",510170,29974,1.54,1.3,5.88,6648,"COVID19VaccDosesAdministered","2021-03-23_09-08-35","detailed",0.377,37.7
202108,"BE","male",6561,"sex",510170,36535,1.29,1.43,7.16,7287,"COVID19VaccDosesAdministered","2021-03-23_09-08-35","detailed",0.411,41.1
202109,"BE","male",6923,"sex",510170,43458,1.36,NA,8.52,NA,"COVID19VaccDosesAdministered","2021-03-23_09-08-35","detailed",0.429,42.9
202110,"BE","male",9251,"sex",510170,52709,1.81,NA,10.33,NA,"COVID19VaccDosesAdministered","2021-03-23_09-08-35","detailed",0.392,39.2
202111,"BE","male",9187,"sex",510170,61896,1.8,NA,12.13,NA,"COVID19VaccDosesAdministered","2021-03-23_09-08-35","detailed",0.404,40.4
202052,"BE","female",0,"sex",529304,0,0,NA,0,NA,"COVID19VaccDosesAdministered","2021-03-23_09-08-35","detailed",NA,NA
202053,"BE","female",0,"sex",529304,0,0,NA,0,NA,"COVID19VaccDosesAdministered","2021-03-23_09-08-35","detailed",NA,NA
202101,"BE","female",0,"sex",529304,0,0,NA,0,NA,"COVID19VaccDosesAdministered","2021-03-23_09-08-35","detailed",NA,NA
202102,"BE","female",2484,"sex",529304,2484,0.47,0.53,0.47,2824,"COVID19VaccDosesAdministered","2021-03-23_09-08-35","detailed",0.562,56.2
202103,"BE","female",5700,"sex",529304,8184,1.08,0.78,1.55,4140.86,"COVID19VaccDosesAdministered","2021-03-23_09-08-35","detailed",0.573,57.3
202104,"BE","female",5572,"sex",529304,13756,1.05,1.13,2.6,5994.86,"COVID19VaccDosesAdministered","2021-03-23_09-08-35","detailed",0.541,54.1
202105,"BE","female",6012,"sex",529304,19768,1.14,1.39,3.73,7335.86,"COVID19VaccDosesAdministered","2021-03-23_09-08-35","detailed",0.546,54.6
202106,"BE","female",9218,"sex",529304,28986,1.74,1.57,5.48,8293.57,"COVID19VaccDosesAdministered","2021-03-23_09-08-35","detailed",0.596,59.6
202107,"BE","female",12978,"sex",529304,41964,2.45,1.8,7.93,9530.86,"COVID19VaccDosesAdministered","2021-03-23_09-08-35","detailed",0.623,62.3
202108,"BE","female",9387,"sex",529304,51351,1.77,2.02,9.7,10672.43,"COVID19VaccDosesAdministered","2021-03-23_09-08-35","detailed",0.588,58.8
202109,"BE","female",9188,"sex",529304,60539,1.74,NA,11.44,NA,"COVID19VaccDosesAdministered","2021-03-23_09-08-35","detailed",0.57,57
202110,"BE","female",14361,"sex",529304,74900,2.71,NA,14.15,NA,"COVID19VaccDosesAdministered","2021-03-23_09-08-35","detailed",0.608,60.8
202111,"BE","female",13563,"sex",529304,88463,2.56,NA,16.71,NA,"COVID19VaccDosesAdministered","2021-03-23_09-08-35","detailed",0.596,59.6
202052,"BE","unknown",0,"sex",NA,0,NA,NA,NA,NA,"COVID19VaccDosesAdministered","2021-03-23_09-08-35","detailed",NA,NA
202053,"BE","unknown",0,"sex",NA,0,NA,NA,NA,NA,"COVID19VaccDosesAdministered","2021-03-23_09-08-35","detailed",NA,NA
202101,"BE","unknown",0,"sex",NA,0,NA,NA,NA,NA,"COVID19VaccDosesAdministered","2021-03-23_09-08-35","detailed",NA,NA
202102,"BE","unknown",2,"sex",NA,2,NA,NA,NA,3.57,"COVID19VaccDosesAdministered","2021-03-23_09-08-35","detailed",0,0
202103,"BE","unknown",9,"sex",NA,11,NA,NA,NA,4.86,"COVID19VaccDosesAdministered","2021-03-23_09-08-35","detailed",0.001,0.1
202104,"BE","unknown",9,"sex",NA,20,NA,NA,NA,6.86,"COVID19VaccDosesAdministered","2021-03-23_09-08-35","detailed",0.001,0.1
202105,"BE","unknown",5,"sex",NA,25,NA,NA,NA,8.43,"COVID19VaccDosesAdministered","2021-03-23_09-08-35","detailed",0,0
202106,"BE","unknown",9,"sex",NA,34,NA,NA,NA,9.29,"COVID19VaccDosesAdministered","2021-03-23_09-08-35","detailed",0.001,0.1
202107,"BE","unknown",14,"sex",NA,48,NA,NA,NA,9.71,"COVID19VaccDosesAdministered","2021-03-23_09-08-35","detailed",0.001,0.1
202108,"BE","unknown",11,"sex",NA,59,NA,NA,NA,10.57,"COVID19VaccDosesAdministered","2021-03-23_09-08-35","detailed",0.001,0.1
202109,"BE","unknown",8,"sex",NA,67,NA,NA,NA,NA,"COVID19VaccDosesAdministered","2021-03-23_09-08-35","detailed",0,0
202110,"BE","unknown",12,"sex",NA,79,NA,NA,NA,NA,"COVID19VaccDosesAdministered","2021-03-23_09-08-35","detailed",0.001,0.1
202111,"BE","unknown",15,"sex",NA,94,NA,NA,NA,NA,"COVID19VaccDosesAdministered","2021-03-23_09-08-35","detailed",0.001,0.1
202052,"BL","male",0,"sex",141890,0,0,NA,0,NA,"COVID19VaccDosesAdministered","2021-03-23_09-08-35","detailed",NA,NA
202053,"BL","male",71,"sex",141890,71,0.05,NA,0.05,NA,"COVID19VaccDosesAdministered","2021-03-23_09-08-35","detailed",0.277,27.7
202101,"BL","male",780,"sex",141890,851,0.55,NA,0.6,NA,"COVID19VaccDosesAdministered","2021-03-23_09-08-35","detailed",0.481,48.1
202102,"BL","male",1334,"sex",141890,2185,0.94,0.69,1.54,984,"COVID19VaccDosesAdministered","2021-03-23_09-08-35","detailed",0.444,44.4
202103,"BL","male",1480,"sex",141890,3665,1.04,0.89,2.58,1261.71,"COVID19VaccDosesAdministered","2021-03-23_09-08-35","detailed",0.426,42.6
202104,"BL","male",1421,"sex",141890,5086,1,1.11,3.58,1579.43,"COVID19VaccDosesAdministered","2021-03-23_09-08-35","detailed",0.465,46.5
202105,"BL","male",1802,"sex",141890,6888,1.27,1.24,4.85,1757.86,"COVID19VaccDosesAdministered","2021-03-23_09-08-35","detailed",0.463,46.3
202106,"BL","male",1944,"sex",141890,8832,1.37,1.32,6.22,1875.57,"COVID19VaccDosesAdministered","2021-03-23_09-08-35","detailed",0.433,43.3
202107,"BL","male",2295,"sex",141890,11127,1.62,1.36,7.84,1936.57,"COVID19VaccDosesAdministered","2021-03-23_09-08-35","detailed",0.457,45.7
202108,"BL","male",2029,"sex",141890,13156,1.43,1.55,9.27,2196.86,"COVID19VaccDosesAdministered","2021-03-23_09-08-35","detailed",0.433,43.3
202109,"BL","male",2158,"sex",141890,15314,1.52,NA,10.79,NA,"COVID19VaccDosesAdministered","2021-03-23_09-08-35","detailed",0.502,50.2
202110,"BL","male",1907,"sex",141890,17221,1.34,NA,12.14,NA,"COVID19VaccDosesAdministered","2021-03-23_09-08-35","detailed",0.471,47.1
202111,"BL","male",3243,"sex",141890,20464,2.29,NA,14.42,NA,"COVID19VaccDosesAdministered","2021-03-23_09-08-35","detailed",0.454,45.4
202052,"BL","female",0,"sex",147578,0,0,NA,0,NA,"COVID19VaccDosesAdministered","2021-03-23_09-08-35","detailed",NA,NA
202053,"BL","female",184,"sex",147578,184,0.12,NA,0.12,NA,"COVID19VaccDosesAdministered","2021-03-23_09-08-35","detailed",0.719,71.9
202101,"BL","female",843,"sex",147578,1027,0.57,NA,0.7,NA,"COVID19VaccDosesAdministered","2021-03-23_09-08-35","detailed",0.519,51.9
202102,"BL","female",1672,"sex",147578,2699,1.13,0.81,1.83,1201.57,"COVID19VaccDosesAdministered","2021-03-23_09-08-35","detailed",0.556,55.6
202103,"BL","female",1993,"sex",147578,4692,1.35,1.06,3.18,1564.57,"COVID19VaccDosesAdministered","2021-03-23_09-08-35","detailed",0.574,57.4
202104,"BL","female",1633,"sex",147578,6325,1.11,1.31,4.29,1927.71,"COVID19VaccDosesAdministered","2021-03-23_09-08-35","detailed",0.535,53.5
202105,"BL","female",2086,"sex",147578,8411,1.41,1.48,5.7,2186.86,"COVID19VaccDosesAdministered","2021-03-23_09-08-35","detailed",0.537,53.7
202106,"BL","female",2541,"sex",147578,10952,1.72,1.53,7.42,2254.43,"COVID19VaccDosesAdministered","2021-03-23_09-08-35","detailed",0.567,56.7
202107,"BL","female",2726,"sex",147578,13678,1.85,1.54,9.27,2275.29,"COVID19VaccDosesAdministered","2021-03-23_09-08-35","detailed",0.543,54.3
202108,"BL","female",2657,"sex",147578,16335,1.8,1.76,11.07,2600.29,"COVID19VaccDosesAdministered","2021-03-23_09-08-35","detailed",0.567,56.7
202109,"BL","female",2145,"sex",147578,18480,1.45,NA,12.52,NA,"COVID19VaccDosesAdministered","2021-03-23_09-08-35","detailed",0.498,49.8
202110,"BL","female",2139,"sex",147578,20619,1.45,NA,13.97,NA,"COVID19VaccDosesAdministered","2021-03-23_09-08-35","detailed",0.529,52.9
202111,"BL","female",3908,"sex",147578,24527,2.65,NA,16.62,NA,"COVID19VaccDosesAdministered","2021-03-23_09-08-35","detailed",0.546,54.6
202052,"BL","unknown",0,"sex",NA,0,NA,NA,NA,NA,"COVID19VaccDosesAdministered","2021-03-23_09-08-35","detailed",NA,NA
202053,"BL","unknown",1,"sex",NA,1,NA,NA,NA,NA,"COVID19VaccDosesAdministered","2021-03-23_09-08-35","detailed",0.004,0.4
202101,"BL","unknown",0,"sex",NA,1,NA,NA,NA,NA,"COVID19VaccDosesAdministered","2021-03-23_09-08-35","detailed",0,0
202102,"BL","unknown",0,"sex",NA,1,NA,NA,NA,0.14,"COVID19VaccDosesAdministered","2021-03-23_09-08-35","detailed",0,0
202103,"BL","unknown",0,"sex",NA,1,NA,NA,NA,0.14,"COVID19VaccDosesAdministered","2021-03-23_09-08-35","detailed",0,0
202104,"BL","unknown",0,"sex",NA,1,NA,NA,NA,0,"COVID19VaccDosesAdministered","2021-03-23_09-08-35","detailed",0,0
202105,"BL","unknown",0,"sex",NA,1,NA,NA,NA,0,"COVID19VaccDosesAdministered","2021-03-23_09-08-35","detailed",0,0
202106,"BL","unknown",0,"sex",NA,1,NA,NA,NA,0,"COVID19VaccDosesAdministered","2021-03-23_09-08-35","detailed",0,0
202107,"BL","unknown",0,"sex",NA,1,NA,NA,NA,0,"COVID19VaccDosesAdministered","2021-03-23_09-08-35","detailed",0,0
202108,"BL","unknown",0,"sex",NA,1,NA,NA,NA,0,"COVID19VaccDosesAdministered","2021-03-23_09-08-35","detailed",0,0
202109,"BL","unknown",0,"sex",NA,1,NA,NA,NA,NA,"COVID19VaccDosesAdministered","2021-03-23_09-08-35","detailed",0,0
202110,"BL","unknown",0,"sex",NA,1,NA,NA,NA,NA,"COVID19VaccDosesAdministered","2021-03-23_09-08-35","detailed",0,0
202111,"BL","unknown",0,"sex",NA,1,NA,NA,NA,NA,"COVID19VaccDosesAdministered","2021-03-23_09-08-35","detailed",0,0
202052,"FL","male",0,"sex",19215,0,0,NA,0,NA,"COVID19VaccDosesAdministered","2021-03-23_09-08-35","detailed",NA,NA
202053,"FL","male",0,"sex",19215,0,0,NA,0,NA,"COVID19VaccDosesAdministered","2021-03-23_09-08-35","detailed",NA,NA
202101,"FL","male",5,"sex",19215,5,0.03,NA,0.03,NA,"COVID19VaccDosesAdministered","2021-03-23_09-08-35","detailed",0.833,83.3
202102,"FL","male",3,"sex",19215,8,0.02,0.18,0.04,34.71,"COVID19VaccDosesAdministered","2021-03-23_09-08-35","detailed",0.6,60
202103,"FL","male",94,"sex",19215,102,0.49,0.25,0.53,48,"COVID19VaccDosesAdministered","2021-03-23_09-08-35","detailed",0.283,28.3
202104,"FL","male",138,"sex",19215,240,0.72,0.44,1.25,84.71,"COVID19VaccDosesAdministered","2021-03-23_09-08-35","detailed",0.277,27.7
202105,"FL","male",3,"sex",19215,243,0.02,0.66,1.26,126.29,"COVID19VaccDosesAdministered","2021-03-23_09-08-35","detailed",0.6,60
202106,"FL","male",93,"sex",19215,336,0.48,0.83,1.75,160.14,"COVID19VaccDosesAdministered","2021-03-23_09-08-35","detailed",0.284,28.4
202107,"FL","male",257,"sex",19215,593,1.34,0.99,3.09,190.86,"COVID19VaccDosesAdministered","2021-03-23_09-08-35","detailed",0.401,40.1
202108,"FL","male",296,"sex",19215,889,1.54,1.07,4.63,205.71,"COVID19VaccDosesAdministered","2021-03-23_09-08-35","detailed",0.377,37.7
202109,"FL","male",240,"sex",19215,1129,1.25,NA,5.88,NA,"COVID19VaccDosesAdministered","2021-03-23_09-08-35","detailed",0.455,45.5
202110,"FL","male",309,"sex",19215,1438,1.61,NA,7.48,NA,"COVID19VaccDosesAdministered","2021-03-23_09-08-35","detailed",0.476,47.6
202111,"FL","male",242,"sex",19215,1680,1.26,NA,8.74,NA,"COVID19VaccDosesAdministered","2021-03-23_09-08-35","detailed",0.425,42.5
202052,"FL","female",0,"sex",19532,0,0,NA,0,NA,"COVID19VaccDosesAdministered","2021-03-23_09-08-35","detailed",NA,NA
202053,"FL","female",0,"sex",19532,0,0,NA,0,NA,"COVID19VaccDosesAdministered","2021-03-23_09-08-35","detailed",NA,NA
202101,"FL","female",1,"sex",19532,1,0.01,NA,0.01,NA,"COVID19VaccDosesAdministered","2021-03-23_09-08-35","detailed",0.167,16.7
202102,"FL","female",2,"sex",19532,3,0.01,0.44,0.02,86.14,"COVID19VaccDosesAdministered","2021-03-23_09-08-35","detailed",0.4,40
202103,"FL","female",238,"sex",19532,241,1.22,0.61,1.23,119.71,"COVID19VaccDosesAdministered","2021-03-23_09-08-35","detailed",0.717,71.7
202104,"FL","female",360,"sex",19532,601,1.84,0.89,3.08,174.57,"COVID19VaccDosesAdministered","2021-03-23_09-08-35","detailed",0.723,72.3
202105,"FL","female",2,"sex",19532,603,0.01,1.25,3.09,244.29,"COVID19VaccDosesAdministered","2021-03-23_09-08-35","detailed",0.4,40
202106,"FL","female",235,"sex",19532,838,1.2,1.46,4.29,285,"COVID19VaccDosesAdministered","2021-03-23_09-08-35","detailed",0.716,71.6
202107,"FL","female",384,"sex",19532,1222,1.97,1.53,6.26,299.57,"COVID19VaccDosesAdministered","2021-03-23_09-08-35","detailed",0.599,59.9
202108,"FL","female",489,"sex",19532,1711,2.5,1.51,8.76,294.86,"COVID19VaccDosesAdministered","2021-03-23_09-08-35","detailed",0.623,62.3
202109,"FL","female",287,"sex",19532,1998,1.47,NA,10.23,NA,"COVID19VaccDosesAdministered","2021-03-23_09-08-35","detailed",0.545,54.5
202110,"FL","female",340,"sex",19532,2338,1.74,NA,11.97,NA,"COVID19VaccDosesAdministered","2021-03-23_09-08-35","detailed",0.524,52.4
202111,"FL","female",327,"sex",19532,2665,1.67,NA,13.64,NA,"COVID19VaccDosesAdministered","2021-03-23_09-08-35","detailed",0.575,57.5
202052,"FL","unknown",0,"sex",NA,0,NA,NA,NA,NA,"COVID19VaccDosesAdministered","2021-03-23_09-08-35","detailed",NA,NA
202053,"FL","unknown",0,"sex",NA,0,NA,NA,NA,NA,"COVID19VaccDosesAdministered","2021-03-23_09-08-35","detailed",NA,NA
202101,"FL","unknown",0,"sex",NA,0,NA,NA,NA,NA,"COVID19VaccDosesAdministered","2021-03-23_09-08-35","detailed",0,0
202102,"FL","unknown",0,"sex",NA,0,NA,NA,NA,0,"COVID19VaccDosesAdministered","2021-03-23_09-08-35","detailed",0,0
202103,"FL","unknown",0,"sex",NA,0,NA,NA,NA,0,"COVID19VaccDosesAdministered","2021-03-23_09-08-35","detailed",0,0
202104,"FL","unknown",0,"sex",NA,0,NA,NA,NA,0,"COVID19VaccDosesAdministered","2021-03-23_09-08-35","detailed",0,0
202105,"FL","unknown",0,"sex",NA,0,NA,NA,NA,0,"COVID19VaccDosesAdministered","2021-03-23_09-08-35","detailed",0,0
202106,"FL","unknown",0,"sex",NA,0,NA,NA,NA,0,"COVID19VaccDosesAdministered","2021-03-23_09-08-35","detailed",0,0
202107,"FL","unknown",0,"sex",NA,0,NA,NA,NA,0,"COVID19VaccDosesAdministered","2021-03-23_09-08-35","detailed",0,0
202108,"FL","unknown",0,"sex",NA,0,NA,NA,NA,0,"COVID19VaccDosesAdministered","2021-03-23_09-08-35","detailed",0,0
202109,"FL","unknown",0,"sex",NA,0,NA,NA,NA,NA,"COVID19VaccDosesAdministered","2021-03-23_09-08-35","detailed",0,0
202110,"FL","unknown",0,"sex",NA,0,NA,NA,NA,NA,"COVID19VaccDosesAdministered","2021-03-23_09-08-35","detailed",0,0
202111,"FL","unknown",0,"sex",NA,0,NA,NA,NA,NA,"COVID19VaccDosesAdministered","2021-03-23_09-08-35","detailed",0,0
202052,"FR","male",0,"sex",161153,0,0,NA,0,NA,"COVID19VaccDosesAdministered","2021-03-23_09-08-35","detailed",NA,NA
202053,"FR","male",209,"sex",161153,209,0.13,NA,0.13,NA,"COVID19VaccDosesAdministered","2021-03-23_09-08-35","detailed",0.288,28.8
202101,"FR","male",136,"sex",161153,345,0.08,NA,0.21,NA,"COVID19VaccDosesAdministered","2021-03-23_09-08-35","detailed",0.257,25.7
202102,"FR","male",419,"sex",161153,764,0.26,0.52,0.47,832.57,"COVID19VaccDosesAdministered","2021-03-23_09-08-35","detailed",0.321,32.1
202103,"FR","male",1461,"sex",161153,2225,0.91,0.72,1.38,1169.43,"COVID19VaccDosesAdministered","2021-03-23_09-08-35","detailed",0.437,43.7
202104,"FR","male",1618,"sex",161153,3843,1,0.96,2.38,1543.57,"COVID19VaccDosesAdministered","2021-03-23_09-08-35","detailed",0.427,42.7
202105,"FR","male",1985,"sex",161153,5828,1.23,1.2,3.62,1944.14,"COVID19VaccDosesAdministered","2021-03-23_09-08-35","detailed",0.433,43.3
202106,"FR","male",2358,"sex",161153,8186,1.46,1.45,5.08,2337.57,"COVID19VaccDosesAdministered","2021-03-23_09-08-35","detailed",0.458,45.8
202107,"FR","male",2828,"sex",161153,11014,1.75,1.46,6.83,2360.14,"COVID19VaccDosesAdministered","2021-03-23_09-08-35","detailed",0.474,47.4
202108,"FR","male",2940,"sex",161153,13954,1.82,1.44,8.66,2321,"COVID19VaccDosesAdministered","2021-03-23_09-08-35","detailed",0.498,49.8
202109,"FR","male",3173,"sex",161153,17127,1.97,NA,10.63,NA,"COVID19VaccDosesAdministered","2021-03-23_09-08-35","detailed",0.455,45.5
202110,"FR","male",1619,"sex",161153,18746,1,NA,11.63,NA,"COVID19VaccDosesAdministered","2021-03-23_09-08-35","detailed",0.481,48.1
202111,"FR","male",1344,"sex",161153,20090,0.83,NA,12.47,NA,"COVID19VaccDosesAdministered","2021-03-23_09-08-35","detailed",0.496,49.6
202052,"FR","female",0,"sex",160630,0,0,NA,0,NA,"COVID19VaccDosesAdministered","2021-03-23_09-08-35","detailed",NA,NA
202053,"FR","female",516,"sex",160630,516,0.32,NA,0.32,NA,"COVID19VaccDosesAdministered","2021-03-23_09-08-35","detailed",0.712,71.2
202101,"FR","female",394,"sex",160630,910,0.25,NA,0.57,NA,"COVID19VaccDosesAdministered","2021-03-23_09-08-35","detailed",0.743,74.3
202102,"FR","female",887,"sex",160630,1797,0.55,0.75,1.12,1206.57,"COVID19VaccDosesAdministered","2021-03-23_09-08-35","detailed",0.679,67.9
202103,"FR","female",1881,"sex",160630,3678,1.17,1,2.29,1605.14,"COVID19VaccDosesAdministered","2021-03-23_09-08-35","detailed",0.563,56.3
202104,"FR","female",2169,"sex",160630,5847,1.35,1.23,3.64,1980.43,"COVID19VaccDosesAdministered","2021-03-23_09-08-35","detailed",0.573,57.3
202105,"FR","female",2599,"sex",160630,8446,1.62,1.46,5.26,2347.71,"COVID19VaccDosesAdministered","2021-03-23_09-08-35","detailed",0.567,56.7
202106,"FR","female",2790,"sex",160630,11236,1.74,1.72,6.99,2764.86,"COVID19VaccDosesAdministered","2021-03-23_09-08-35","detailed",0.542,54.2
202107,"FR","female",3143,"sex",160630,14379,1.96,1.71,8.95,2745.29,"COVID19VaccDosesAdministered","2021-03-23_09-08-35","detailed",0.526,52.6
202108,"FR","female",2965,"sex",160630,17344,1.85,1.64,10.8,2630.71,"COVID19VaccDosesAdministered","2021-03-23_09-08-35","detailed",0.502,50.2
202109,"FR","female",3807,"sex",160630,21151,2.37,NA,13.17,NA,"COVID19VaccDosesAdministered","2021-03-23_09-08-35","detailed",0.545,54.5
202110,"FR","female",1744,"sex",160630,22895,1.09,NA,14.25,NA,"COVID19VaccDosesAdministered","2021-03-23_09-08-35","detailed",0.519,51.9
202111,"FR","female",1367,"sex",160630,24262,0.85,NA,15.1,NA,"COVID19VaccDosesAdministered","2021-03-23_09-08-35","detailed",0.504,50.4
202052,"FR","unknown",0,"sex",NA,0,NA,NA,NA,NA,"COVID19VaccDosesAdministered","2021-03-23_09-08-35","detailed",NA,NA
202053,"FR","unknown",0,"sex",NA,0,NA,NA,NA,NA,"COVID19VaccDosesAdministered","2021-03-23_09-08-35","detailed",0,0
202101,"FR","unknown",0,"sex",NA,0,NA,NA,NA,NA,"COVID19VaccDosesAdministered","2021-03-23_09-08-35","detailed",0,0
202102,"FR","unknown",0,"sex",NA,0,NA,NA,NA,0,"COVID19VaccDosesAdministered","2021-03-23_09-08-35","detailed",0,0
202103,"FR","unknown",0,"sex",NA,0,NA,NA,NA,0,"COVID19VaccDosesAdministered","2021-03-23_09-08-35","detailed",0,0
202104,"FR","unknown",0,"sex",NA,0,NA,NA,NA,0,"COVID19VaccDosesAdministered","2021-03-23_09-08-35","detailed",0,0
202105,"FR","unknown",0,"sex",NA,0,NA,NA,NA,0,"COVID19VaccDosesAdministered","2021-03-23_09-08-35","detailed",0,0
202106,"FR","unknown",0,"sex",NA,0,NA,NA,NA,0,"COVID19VaccDosesAdministered","2021-03-23_09-08-35","detailed",0,0
202107,"FR","unknown",0,"sex",NA,0,NA,NA,NA,0,"COVID19VaccDosesAdministered","2021-03-23_09-08-35","detailed",0,0
202108,"FR","unknown",0,"sex",NA,0,NA,NA,NA,0,"COVID19VaccDosesAdministered","2021-03-23_09-08-35","detailed",0,0
202109,"FR","unknown",0,"sex",NA,0,NA,NA,NA,NA,"COVID19VaccDosesAdministered","2021-03-23_09-08-35","detailed",0,0
202110,"FR","unknown",0,"sex",NA,0,NA,NA,NA,NA,"COVID19VaccDosesAdministered","2021-03-23_09-08-35","detailed",0,0
202111,"FR","unknown",0,"sex",NA,0,NA,NA,NA,NA,"COVID19VaccDosesAdministered","2021-03-23_09-08-35","detailed",0,0
202052,"GE","male",0,"sex",244184,0,0,NA,0,NA,"COVID19VaccDosesAdministered","2021-03-23_09-08-35","detailed",NA,NA
202053,"GE","male",26,"sex",244184,26,0.01,NA,0.01,NA,"COVID19VaccDosesAdministered","2021-03-23_09-08-35","detailed",0.464,46.4
202101,"GE","male",1241,"sex",244184,1267,0.51,NA,0.52,NA,"COVID19VaccDosesAdministered","2021-03-23_09-08-35","detailed",0.484,48.4
202102,"GE","male",1985,"sex",244184,3252,0.81,0.62,1.33,1514.86,"COVID19VaccDosesAdministered","2021-03-23_09-08-35","detailed",0.441,44.1
202103,"GE","male",2044,"sex",244184,5296,0.84,0.83,2.17,2015.71,"COVID19VaccDosesAdministered","2021-03-23_09-08-35","detailed",0.433,43.3
202104,"GE","male",2716,"sex",244184,8012,1.11,1.03,3.28,2526.14,"COVID19VaccDosesAdministered","2021-03-23_09-08-35","detailed",0.468,46.8
202105,"GE","male",2592,"sex",244184,10604,1.06,1.22,4.34,2972,"COVID19VaccDosesAdministered","2021-03-23_09-08-35","detailed",0.473,47.3
202106,"GE","male",3506,"sex",244184,14110,1.44,1.39,5.78,3383.43,"COVID19VaccDosesAdministered","2021-03-23_09-08-35","detailed",0.416,41.6
202107,"GE","male",3599,"sex",244184,17709,1.47,1.5,7.25,3669.29,"COVID19VaccDosesAdministered","2021-03-23_09-08-35","detailed",0.418,41.8
202108,"GE","male",4362,"sex",244184,22071,1.79,1.63,9.04,3988.86,"COVID19VaccDosesAdministered","2021-03-23_09-08-35","detailed",0.429,42.9
202109,"GE","male",4865,"sex",244184,26936,1.99,NA,11.03,NA,"COVID19VaccDosesAdministered","2021-03-23_09-08-35","detailed",0.458,45.8
202110,"GE","male",4045,"sex",244184,30981,1.66,NA,12.69,NA,"COVID19VaccDosesAdministered","2021-03-23_09-08-35","detailed",0.423,42.3
202111,"GE","male",4953,"sex",244184,35934,2.03,NA,14.72,NA,"COVID19VaccDosesAdministered","2021-03-23_09-08-35","detailed",0.445,44.5
202052,"GE","female",0,"sex",259944,0,0,NA,0,NA,"COVID19VaccDosesAdministered","2021-03-23_09-08-35","detailed",NA,NA
202053,"GE","female",30,"sex",259944,30,0.01,NA,0.01,NA,"COVID19VaccDosesAdministered","2021-03-23_09-08-35","detailed",0.536,53.6
202101,"GE","female",1321,"sex",259944,1351,0.51,NA,0.52,NA,"COVID19VaccDosesAdministered","2021-03-23_09-08-35","detailed",0.516,51.6
202102,"GE","female",2515,"sex",259944,3866,0.97,0.69,1.49,1787.29,"COVID19VaccDosesAdministered","2021-03-23_09-08-35","detailed",0.559,55.9
202103,"GE","female",2673,"sex",259944,6539,1.03,0.96,2.52,2491.57,"COVID19VaccDosesAdministered","2021-03-23_09-08-35","detailed",0.567,56.7
202104,"GE","female",3086,"sex",259944,9625,1.19,1.23,3.7,3202.14,"COVID19VaccDosesAdministered","2021-03-23_09-08-35","detailed",0.532,53.2
202105,"GE","female",2886,"sex",259944,12511,1.11,1.48,4.81,3843.29,"COVID19VaccDosesAdministered","2021-03-23_09-08-35","detailed",0.527,52.7
202106,"GE","female",4930,"sex",259944,17441,1.9,1.66,6.71,4306,"COVID19VaccDosesAdministered","2021-03-23_09-08-35","detailed",0.584,58.4
202107,"GE","female",5004,"sex",259944,22445,1.93,1.81,8.63,4713.29,"COVID19VaccDosesAdministered","2021-03-23_09-08-35","detailed",0.582,58.2
202108,"GE","female",5809,"sex",259944,28254,2.23,1.98,10.87,5154.29,"COVID19VaccDosesAdministered","2021-03-23_09-08-35","detailed",0.571,57.1
202109,"GE","female",5754,"sex",259944,34008,2.21,NA,13.08,NA,"COVID19VaccDosesAdministered","2021-03-23_09-08-35","detailed",0.542,54.2
202110,"GE","female",5524,"sex",259944,39532,2.13,NA,15.21,NA,"COVID19VaccDosesAdministered","2021-03-23_09-08-35","detailed",0.577,57.7
202111,"GE","female",6173,"sex",259944,45705,2.37,NA,17.58,NA,"COVID19VaccDosesAdministered","2021-03-23_09-08-35","detailed",0.555,55.5
202052,"GE","unknown",0,"sex",NA,0,NA,NA,NA,NA,"COVID19VaccDosesAdministered","2021-03-23_09-08-35","detailed",NA,NA
202053,"GE","unknown",0,"sex",NA,0,NA,NA,NA,NA,"COVID19VaccDosesAdministered","2021-03-23_09-08-35","detailed",0,0
202101,"GE","unknown",0,"sex",NA,0,NA,NA,NA,NA,"COVID19VaccDosesAdministered","2021-03-23_09-08-35","detailed",0,0
202102,"GE","unknown",0,"sex",NA,0,NA,NA,NA,0,"COVID19VaccDosesAdministered","2021-03-23_09-08-35","detailed",0,0
202103,"GE","unknown",0,"sex",NA,0,NA,NA,NA,0,"COVID19VaccDosesAdministered","2021-03-23_09-08-35","detailed",0,0
202104,"GE","unknown",0,"sex",NA,0,NA,NA,NA,0,"COVID19VaccDosesAdministered","2021-03-23_09-08-35","detailed",0,0
202105,"GE","unknown",0,"sex",NA,0,NA,NA,NA,0,"COVID19VaccDosesAdministered","2021-03-23_09-08-35","detailed",0,0
202106,"GE","unknown",0,"sex",NA,0,NA,NA,NA,0,"COVID19VaccDosesAdministered","2021-03-23_09-08-35","detailed",0,0
202107,"GE","unknown",0,"sex",NA,0,NA,NA,NA,0,"COVID19VaccDosesAdministered","2021-03-23_09-08-35","detailed",0,0
202108,"GE","unknown",0,"sex",NA,0,NA,NA,NA,0,"COVID19VaccDosesAdministered","2021-03-23_09-08-35","detailed",0,0
202109,"GE","unknown",0,"sex",NA,0,NA,NA,NA,NA,"COVID19VaccDosesAdministered","2021-03-23_09-08-35","detailed",0,0
202110,"GE","unknown",0,"sex",NA,0,NA,NA,NA,NA,"COVID19VaccDosesAdministered","2021-03-23_09-08-35","detailed",0,0
202111,"GE","unknown",0,"sex",NA,0,NA,NA,NA,NA,"COVID19VaccDosesAdministered","2021-03-23_09-08-35","detailed",0,0
202052,"GR","male",0,"sex",99707,0,0,NA,0,NA,"COVID19VaccDosesAdministered","2021-03-23_09-08-35","detailed",NA,NA
202053,"GR","male",0,"sex",99707,0,0,NA,0,NA,"COVID19VaccDosesAdministered","2021-03-23_09-08-35","detailed",NA,NA
202101,"GR","male",213,"sex",99707,213,0.21,NA,0.21,NA,"COVID19VaccDosesAdministered","2021-03-23_09-08-35","detailed",0.333,33.3
202102,"GR","male",563,"sex",99707,776,0.56,0.49,0.78,492.43,"COVID19VaccDosesAdministered","2021-03-23_09-08-35","detailed",0.298,29.8
202103,"GR","male",574,"sex",99707,1350,0.58,0.7,1.35,695,"COVID19VaccDosesAdministered","2021-03-23_09-08-35","detailed",0.317,31.7
202104,"GR","male",1419,"sex",99707,2769,1.42,0.87,2.78,872.29,"COVID19VaccDosesAdministered","2021-03-23_09-08-35","detailed",0.463,46.3
202105,"GR","male",678,"sex",99707,3447,0.68,1.08,3.46,1074,"COVID19VaccDosesAdministered","2021-03-23_09-08-35","detailed",0.307,30.7
202106,"GR","male",1418,"sex",99707,4865,1.42,1.24,4.88,1235.57,"COVID19VaccDosesAdministered","2021-03-23_09-08-35","detailed",0.386,38.6
202107,"GR","male",1241,"sex",99707,6106,1.24,1.44,6.12,1439.86,"COVID19VaccDosesAdministered","2021-03-23_09-08-35","detailed",0.447,44.7
202108,"GR","male",1625,"sex",99707,7731,1.63,1.46,7.75,1453.71,"COVID19VaccDosesAdministered","2021-03-23_09-08-35","detailed",0.477,47.7
202109,"GR","male",1694,"sex",99707,9425,1.7,NA,9.45,NA,"COVID19VaccDosesAdministered","2021-03-23_09-08-35","detailed",0.451,45.1
202110,"GR","male",2004,"sex",99707,11429,2.01,NA,11.46,NA,"COVID19VaccDosesAdministered","2021-03-23_09-08-35","detailed",0.449,44.9
202111,"GR","male",1516,"sex",99707,12945,1.52,NA,12.98,NA,"COVID19VaccDosesAdministered","2021-03-23_09-08-35","detailed",0.487,48.7
202052,"GR","female",0,"sex",99314,0,0,NA,0,NA,"COVID19VaccDosesAdministered","2021-03-23_09-08-35","detailed",NA,NA
202053,"GR","female",0,"sex",99314,0,0,NA,0,NA,"COVID19VaccDosesAdministered","2021-03-23_09-08-35","detailed",NA,NA
202101,"GR","female",426,"sex",99314,426,0.43,NA,0.43,NA,"COVID19VaccDosesAdministered","2021-03-23_09-08-35","detailed",0.667,66.7
202102,"GR","female",1329,"sex",99314,1755,1.34,0.89,1.77,881.29,"COVID19VaccDosesAdministered","2021-03-23_09-08-35","detailed",0.702,70.2
202103,"GR","female",1239,"sex",99314,2994,1.25,1.21,3.01,1202.86,"COVID19VaccDosesAdministered","2021-03-23_09-08-35","detailed",0.683,68.3
202104,"GR","female",1648,"sex",99314,4642,1.66,1.43,4.67,1422,"COVID19VaccDosesAdministered","2021-03-23_09-08-35","detailed",0.537,53.7
202105,"GR","female",1527,"sex",99314,6169,1.54,1.63,6.21,1615.29,"COVID19VaccDosesAdministered","2021-03-23_09-08-35","detailed",0.693,69.3
202106,"GR","female",2251,"sex",99314,8420,2.27,1.73,8.48,1719.86,"COVID19VaccDosesAdministered","2021-03-23_09-08-35","detailed",0.614,61.4
202107,"GR","female",1534,"sex",99314,9954,1.54,1.91,10.02,1893.71,"COVID19VaccDosesAdministered","2021-03-23_09-08-35","detailed",0.553,55.3
202108,"GR","female",1779,"sex",99314,11733,1.79,1.9,11.81,1886.43,"COVID19VaccDosesAdministered","2021-03-23_09-08-35","detailed",0.523,52.3
202109,"GR","female",2061,"sex",99314,13794,2.08,NA,13.89,NA,"COVID19VaccDosesAdministered","2021-03-23_09-08-35","detailed",0.549,54.9
202110,"GR","female",2456,"sex",99314,16250,2.47,NA,16.36,NA,"COVID19VaccDosesAdministered","2021-03-23_09-08-35","detailed",0.551,55.1
202111,"GR","female",1597,"sex",99314,17847,1.61,NA,17.97,NA,"COVID19VaccDosesAdministered","2021-03-23_09-08-35","detailed",0.513,51.3
202052,"GR","unknown",0,"sex",NA,0,NA,NA,NA,NA,"COVID19VaccDosesAdministered","2021-03-23_09-08-35","detailed",NA,NA
202053,"GR","unknown",0,"sex",NA,0,NA,NA,NA,NA,"COVID19VaccDosesAdministered","2021-03-23_09-08-35","detailed",NA,NA
202101,"GR","unknown",0,"sex",NA,0,NA,NA,NA,NA,"COVID19VaccDosesAdministered","2021-03-23_09-08-35","detailed",0,0
202102,"GR","unknown",0,"sex",NA,0,NA,NA,NA,0,"COVID19VaccDosesAdministered","2021-03-23_09-08-35","detailed",0,0
202103,"GR","unknown",0,"sex",NA,0,NA,NA,NA,0,"COVID19VaccDosesAdministered","2021-03-23_09-08-35","detailed",0,0
202104,"GR","unknown",0,"sex",NA,0,NA,NA,NA,0,"COVID19VaccDosesAdministered","2021-03-23_09-08-35","detailed",0,0
202105,"GR","unknown",0,"sex",NA,0,NA,NA,NA,0,"COVID19VaccDosesAdministered","2021-03-23_09-08-35","detailed",0,0
202106,"GR","unknown",0,"sex",NA,0,NA,NA,NA,0,"COVID19VaccDosesAdministered","2021-03-23_09-08-35","detailed",0,0
202107,"GR","unknown",0,"sex",NA,0,NA,NA,NA,0,"COVID19VaccDosesAdministered","2021-03-23_09-08-35","detailed",0,0
202108,"GR","unknown",0,"sex",NA,0,NA,NA,NA,0,"COVID19VaccDosesAdministered","2021-03-23_09-08-35","detailed",0,0
202109,"GR","unknown",0,"sex",NA,0,NA,NA,NA,NA,"COVID19VaccDosesAdministered","2021-03-23_09-08-35","detailed",0,0
202110,"GR","unknown",0,"sex",NA,0,NA,NA,NA,NA,"COVID19VaccDosesAdministered","2021-03-23_09-08-35","detailed",0,0
202111,"GR","unknown",0,"sex",NA,0,NA,NA,NA,NA,"COVID19VaccDosesAdministered","2021-03-23_09-08-35","detailed",0,0
202052,"JU","male",0,"sex",36400,0,0,NA,0,NA,"COVID19VaccDosesAdministered","2021-03-23_09-08-35","detailed",NA,NA
202053,"JU","male",0,"sex",36400,0,0,NA,0,NA,"COVID19VaccDosesAdministered","2021-03-23_09-08-35","detailed",NA,NA
202101,"JU","male",171,"sex",36400,171,0.47,NA,0.47,NA,"COVID19VaccDosesAdministered","2021-03-23_09-08-35","detailed",0.32,32
202102,"JU","male",123,"sex",36400,294,0.34,0.65,0.81,235,"COVID19VaccDosesAdministered","2021-03-23_09-08-35","detailed",0.281,28.1
202103,"JU","male",463,"sex",36400,757,1.27,0.77,2.08,280.86,"COVID19VaccDosesAdministered","2021-03-23_09-08-35","detailed",0.417,41.7
202104,"JU","male",387,"sex",36400,1144,1.06,1,3.14,364.57,"COVID19VaccDosesAdministered","2021-03-23_09-08-35","detailed",0.531,53.1
202105,"JU","male",501,"sex",36400,1645,1.38,1.17,4.52,425.14,"COVID19VaccDosesAdministered","2021-03-23_09-08-35","detailed",0.413,41.3
202106,"JU","male",321,"sex",36400,1966,0.88,1.35,5.4,491.43,"COVID19VaccDosesAdministered","2021-03-23_09-08-35","detailed",0.352,35.2
202107,"JU","male",586,"sex",36400,2552,1.61,1.41,7.01,512,"COVID19VaccDosesAdministered","2021-03-23_09-08-35","detailed",0.44,44
202108,"JU","male",595,"sex",36400,3147,1.63,1.45,8.65,526.43,"COVID19VaccDosesAdministered","2021-03-23_09-08-35","detailed",0.45,45
202109,"JU","male",587,"sex",36400,3734,1.61,NA,10.26,NA,"COVID19VaccDosesAdministered","2021-03-23_09-08-35","detailed",0.474,47.4
202110,"JU","male",607,"sex",36400,4341,1.67,NA,11.93,NA,"COVID19VaccDosesAdministered","2021-03-23_09-08-35","detailed",0.429,42.9
202111,"JU","male",488,"sex",36400,4829,1.34,NA,13.27,NA,"COVID19VaccDosesAdministered","2021-03-23_09-08-35","detailed",0.425,42.5
202052,"JU","female",0,"sex",37184,0,0,NA,0,NA,"COVID19VaccDosesAdministered","2021-03-23_09-08-35","detailed",NA,NA
202053,"JU","female",0,"sex",37184,0,0,NA,0,NA,"COVID19VaccDosesAdministered","2021-03-23_09-08-35","detailed",NA,NA
202101,"JU","female",363,"sex",37184,363,0.98,NA,0.98,NA,"COVID19VaccDosesAdministered","2021-03-23_09-08-35","detailed",0.68,68
202102,"JU","female",314,"sex",37184,677,0.84,0.91,1.82,339.43,"COVID19VaccDosesAdministered","2021-03-23_09-08-35","detailed",0.719,71.9
202103,"JU","female",646,"sex",37184,1323,1.74,1.14,3.56,423.71,"COVID19VaccDosesAdministered","2021-03-23_09-08-35","detailed",0.583,58.3
202104,"JU","female",342,"sex",37184,1665,0.92,1.43,4.48,530.14,"COVID19VaccDosesAdministered","2021-03-23_09-08-35","detailed",0.469,46.9
202105,"JU","female",711,"sex",37184,2376,1.91,1.56,6.39,582,"COVID19VaccDosesAdministered","2021-03-23_09-08-35","detailed",0.587,58.7
202106,"JU","female",590,"sex",37184,2966,1.59,1.69,7.98,630.14,"COVID19VaccDosesAdministered","2021-03-23_09-08-35","detailed",0.648,64.8
202107,"JU","female",745,"sex",37184,3711,2,1.76,9.98,653.14,"COVID19VaccDosesAdministered","2021-03-23_09-08-35","detailed",0.56,56
202108,"JU","female",726,"sex",37184,4437,1.95,1.88,11.93,698.71,"COVID19VaccDosesAdministered","2021-03-23_09-08-35","detailed",0.55,55
202109,"JU","female",651,"sex",37184,5088,1.75,NA,13.68,NA,"COVID19VaccDosesAdministered","2021-03-23_09-08-35","detailed",0.526,52.6
202110,"JU","female",807,"sex",37184,5895,2.17,NA,15.85,NA,"COVID19VaccDosesAdministered","2021-03-23_09-08-35","detailed",0.571,57.1
202111,"JU","female",661,"sex",37184,6556,1.78,NA,17.63,NA,"COVID19VaccDosesAdministered","2021-03-23_09-08-35","detailed",0.575,57.5
202052,"JU","unknown",0,"sex",NA,0,NA,NA,NA,NA,"COVID19VaccDosesAdministered","2021-03-23_09-08-35","detailed",NA,NA
202053,"JU","unknown",0,"sex",NA,0,NA,NA,NA,NA,"COVID19VaccDosesAdministered","2021-03-23_09-08-35","detailed",NA,NA
202101,"JU","unknown",0,"sex",NA,0,NA,NA,NA,NA,"COVID19VaccDosesAdministered","2021-03-23_09-08-35","detailed",0,0
202102,"JU","unknown",0,"sex",NA,0,NA,NA,NA,0,"COVID19VaccDosesAdministered","2021-03-23_09-08-35","detailed",0,0
202103,"JU","unknown",0,"sex",NA,0,NA,NA,NA,0,"COVID19VaccDosesAdministered","2021-03-23_09-08-35","detailed",0,0
202104,"JU","unknown",0,"sex",NA,0,NA,NA,NA,0,"COVID19VaccDosesAdministered","2021-03-23_09-08-35","detailed",0,0
202105,"JU","unknown",0,"sex",NA,0,NA,NA,NA,0,"COVID19VaccDosesAdministered","2021-03-23_09-08-35","detailed",0,0
202106,"JU","unknown",0,"sex",NA,0,NA,NA,NA,0,"COVID19VaccDosesAdministered","2021-03-23_09-08-35","detailed",0,0
202107,"JU","unknown",0,"sex",NA,0,NA,NA,NA,0,"COVID19VaccDosesAdministered","2021-03-23_09-08-35","detailed",0,0
202108,"JU","unknown",0,"sex",NA,0,NA,NA,NA,0,"COVID19VaccDosesAdministered","2021-03-23_09-08-35","detailed",0,0
202109,"JU","unknown",0,"sex",NA,0,NA,NA,NA,NA,"COVID19VaccDosesAdministered","2021-03-23_09-08-35","detailed",0,0
202110,"JU","unknown",0,"sex",NA,0,NA,NA,NA,NA,"COVID19VaccDosesAdministered","2021-03-23_09-08-35","detailed",0,0
202111,"JU","unknown",0,"sex",NA,0,NA,NA,NA,NA,"COVID19VaccDosesAdministered","2021-03-23_09-08-35","detailed",0,0
202052,"NE","male",0,"sex",86495,0,0,NA,0,NA,"COVID19VaccDosesAdministered","2021-03-23_09-08-35","detailed",NA,NA
202053,"NE","male",119,"sex",86495,119,0.14,NA,0.14,NA,"COVID19VaccDosesAdministered","2021-03-23_09-08-35","detailed",0.567,56.7
202101,"NE","male",227,"sex",86495,346,0.26,NA,0.4,NA,"COVID19VaccDosesAdministered","2021-03-23_09-08-35","detailed",0.566,56.6
202102,"NE","male",260,"sex",86495,606,0.3,0.6,0.7,520.71,"COVID19VaccDosesAdministered","2021-03-23_09-08-35","detailed",0.531,53.1
202103,"NE","male",573,"sex",86495,1179,0.66,0.82,1.36,710.71,"COVID19VaccDosesAdministered","2021-03-23_09-08-35","detailed",0.41,41
202104,"NE","male",907,"sex",86495,2086,1.05,0.99,2.41,855.57,"COVID19VaccDosesAdministered","2021-03-23_09-08-35","detailed",0.397,39.7
202105,"NE","male",1559,"sex",86495,3645,1.8,1.2,4.21,1037.29,"COVID19VaccDosesAdministered","2021-03-23_09-08-35","detailed",0.429,42.9
202106,"NE","male",1330,"sex",86495,4975,1.54,1.42,5.75,1232.57,"COVID19VaccDosesAdministered","2021-03-23_09-08-35","detailed",0.432,43.2
202107,"NE","male",1133,"sex",86495,6108,1.31,1.65,7.06,1426.71,"COVID19VaccDosesAdministered","2021-03-23_09-08-35","detailed",0.452,45.2
202108,"NE","male",1499,"sex",86495,7607,1.73,1.6,8.79,1381.86,"COVID19VaccDosesAdministered","2021-03-23_09-08-35","detailed",0.405,40.5
202109,"NE","male",1627,"sex",86495,9234,1.88,NA,10.68,NA,"COVID19VaccDosesAdministered","2021-03-23_09-08-35","detailed",0.427,42.7
202110,"NE","male",1932,"sex",86495,11166,2.23,NA,12.91,NA,"COVID19VaccDosesAdministered","2021-03-23_09-08-35","detailed",0.422,42.2
202111,"NE","male",593,"sex",86495,11759,0.69,NA,13.6,NA,"COVID19VaccDosesAdministered","2021-03-23_09-08-35","detailed",0.469,46.9
202052,"NE","female",0,"sex",90001,0,0,NA,0,NA,"COVID19VaccDosesAdministered","2021-03-23_09-08-35","detailed",NA,NA
202053,"NE","female",91,"sex",90001,91,0.1,NA,0.1,NA,"COVID19VaccDosesAdministered","2021-03-23_09-08-35","detailed",0.433,43.3
202101,"NE","female",174,"sex",90001,265,0.19,NA,0.29,NA,"COVID19VaccDosesAdministered","2021-03-23_09-08-35","detailed",0.434,43.4
202102,"NE","female",230,"sex",90001,495,0.26,0.76,0.55,680.57,"COVID19VaccDosesAdministered","2021-03-23_09-08-35","detailed",0.469,46.9
202103,"NE","female",823,"sex",90001,1318,0.91,1.03,1.46,930.43,"COVID19VaccDosesAdministered","2021-03-23_09-08-35","detailed",0.59,59
202104,"NE","female",1375,"sex",90001,2693,1.53,1.24,2.99,1113.29,"COVID19VaccDosesAdministered","2021-03-23_09-08-35","detailed",0.603,60.3
202105,"NE","female",2071,"sex",90001,4764,2.3,1.56,5.29,1403.57,"COVID19VaccDosesAdministered","2021-03-23_09-08-35","detailed",0.571,57.1
202106,"NE","female",1749,"sex",90001,6513,1.94,1.87,7.24,1682.43,"COVID19VaccDosesAdministered","2021-03-23_09-08-35","detailed",0.568,56.8
202107,"NE","female",1371,"sex",90001,7884,1.52,2.16,8.76,1942.29,"COVID19VaccDosesAdministered","2021-03-23_09-08-35","detailed",0.548,54.8
202108,"NE","female",2206,"sex",90001,10090,2.45,2.05,11.21,1841.86,"COVID19VaccDosesAdministered","2021-03-23_09-08-35","detailed",0.595,59.5
202109,"NE","female",2182,"sex",90001,12272,2.42,NA,13.64,NA,"COVID19VaccDosesAdministered","2021-03-23_09-08-35","detailed",0.573,57.3
202110,"NE","female",2642,"sex",90001,14914,2.94,NA,16.57,NA,"COVID19VaccDosesAdministered","2021-03-23_09-08-35","detailed",0.578,57.8
202111,"NE","female",672,"sex",90001,15586,0.75,NA,17.32,NA,"COVID19VaccDosesAdministered","2021-03-23_09-08-35","detailed",0.531,53.1
202052,"NE","unknown",0,"sex",NA,0,NA,NA,NA,NA,"COVID19VaccDosesAdministered","2021-03-23_09-08-35","detailed",NA,NA
202053,"NE","unknown",0,"sex",NA,0,NA,NA,NA,NA,"COVID19VaccDosesAdministered","2021-03-23_09-08-35","detailed",0,0
202101,"NE","unknown",0,"sex",NA,0,NA,NA,NA,NA,"COVID19VaccDosesAdministered","2021-03-23_09-08-35","detailed",0,0
202102,"NE","unknown",0,"sex",NA,0,NA,NA,NA,0,"COVID19VaccDosesAdministered","2021-03-23_09-08-35","detailed",0,0
202103,"NE","unknown",0,"sex",NA,0,NA,NA,NA,0,"COVID19VaccDosesAdministered","2021-03-23_09-08-35","detailed",0,0
202104,"NE","unknown",0,"sex",NA,0,NA,NA,NA,0,"COVID19VaccDosesAdministered","2021-03-23_09-08-35","detailed",0,0
202105,"NE","unknown",0,"sex",NA,0,NA,NA,NA,0,"COVID19VaccDosesAdministered","2021-03-23_09-08-35","detailed",0,0
202106,"NE","unknown",0,"sex",NA,0,NA,NA,NA,0,"COVID19VaccDosesAdministered","2021-03-23_09-08-35","detailed",0,0
202107,"NE","unknown",0,"sex",NA,0,NA,NA,NA,0,"COVID19VaccDosesAdministered","2021-03-23_09-08-35","detailed",0,0
202108,"NE","unknown",0,"sex",NA,0,NA,NA,NA,0,"COVID19VaccDosesAdministered","2021-03-23_09-08-35","detailed",0,0
202109,"NE","unknown",0,"sex",NA,0,NA,NA,NA,NA,"COVID19VaccDosesAdministered","2021-03-23_09-08-35","detailed",0,0
202110,"NE","unknown",0,"sex",NA,0,NA,NA,NA,NA,"COVID19VaccDosesAdministered","2021-03-23_09-08-35","detailed",0,0
202111,"NE","unknown",0,"sex",NA,0,NA,NA,NA,NA,"COVID19VaccDosesAdministered","2021-03-23_09-08-35","detailed",0,0
202052,"SH","male",0,"sex",40768,0,0,NA,0,NA,"COVID19VaccDosesAdministered","2021-03-23_09-08-35","detailed",NA,NA
202053,"SH","male",55,"sex",40768,55,0.13,NA,0.13,NA,"COVID19VaccDosesAdministered","2021-03-23_09-08-35","detailed",0.491,49.1
202101,"SH","male",381,"sex",40768,436,0.93,NA,1.07,NA,"COVID19VaccDosesAdministered","2021-03-23_09-08-35","detailed",0.291,29.1
202102,"SH","male",355,"sex",40768,791,0.87,0.88,1.94,360.71,"COVID19VaccDosesAdministered","2021-03-23_09-08-35","detailed",0.341,34.1
202103,"SH","male",648,"sex",40768,1439,1.59,1.04,3.53,424,"COVID19VaccDosesAdministered","2021-03-23_09-08-35","detailed",0.424,42.4
202104,"SH","male",729,"sex",40768,2168,1.79,1.26,5.32,512.57,"COVID19VaccDosesAdministered","2021-03-23_09-08-35","detailed",0.423,42.3
202105,"SH","male",357,"sex",40768,2525,0.88,1.28,6.19,522.14,"COVID19VaccDosesAdministered","2021-03-23_09-08-35","detailed",0.473,47.3
202106,"SH","male",443,"sex",40768,2968,1.09,1.52,7.28,617.71,"COVID19VaccDosesAdministered","2021-03-23_09-08-35","detailed",0.352,35.2
202107,"SH","male",675,"sex",40768,3643,1.66,1.39,8.94,567.29,"COVID19VaccDosesAdministered","2021-03-23_09-08-35","detailed",0.365,36.5
202108,"SH","male",448,"sex",40768,4091,1.1,1.23,10.03,500.43,"COVID19VaccDosesAdministered","2021-03-23_09-08-35","detailed",0.494,49.4
202109,"SH","male",1024,"sex",40768,5115,2.51,NA,12.55,NA,"COVID19VaccDosesAdministered","2021-03-23_09-08-35","detailed",0.457,45.7
202110,"SH","male",295,"sex",40768,5410,0.72,NA,13.27,NA,"COVID19VaccDosesAdministered","2021-03-23_09-08-35","detailed",0.394,39.4
202111,"SH","male",261,"sex",40768,5671,0.64,NA,13.91,NA,"COVID19VaccDosesAdministered","2021-03-23_09-08-35","detailed",0.468,46.8
202052,"SH","female",0,"sex",41580,0,0,NA,0,NA,"COVID19VaccDosesAdministered","2021-03-23_09-08-35","detailed",NA,NA
202053,"SH","female",56,"sex",41580,56,0.13,NA,0.13,NA,"COVID19VaccDosesAdministered","2021-03-23_09-08-35","detailed",0.5,50
202101,"SH","female",930,"sex",41580,986,2.24,NA,2.37,NA,"COVID19VaccDosesAdministered","2021-03-23_09-08-35","detailed",0.709,70.9
202102,"SH","female",685,"sex",41580,1671,1.65,1.35,4.02,563.14,"COVID19VaccDosesAdministered","2021-03-23_09-08-35","detailed",0.659,65.9
202103,"SH","female",879,"sex",41580,2550,2.11,1.63,6.13,679.43,"COVID19VaccDosesAdministered","2021-03-23_09-08-35","detailed",0.576,57.6
202104,"SH","female",995,"sex",41580,3545,2.39,2.02,8.53,839,"COVID19VaccDosesAdministered","2021-03-23_09-08-35","detailed",0.577,57.7
202105,"SH","female",397,"sex",41580,3942,0.95,1.85,9.48,771.57,"COVID19VaccDosesAdministered","2021-03-23_09-08-35","detailed",0.527,52.7
202106,"SH","female",814,"sex",41580,4756,1.96,2.04,11.44,847.71,"COVID19VaccDosesAdministered","2021-03-23_09-08-35","detailed",0.648,64.8
202107,"SH","female",1173,"sex",41580,5929,2.82,1.89,14.26,786.86,"COVID19VaccDosesAdministered","2021-03-23_09-08-35","detailed",0.635,63.5
202108,"SH","female",458,"sex",41580,6387,1.1,1.65,15.36,687.14,"COVID19VaccDosesAdministered","2021-03-23_09-08-35","detailed",0.506,50.6
202109,"SH","female",1218,"sex",41580,7605,2.93,NA,18.29,NA,"COVID19VaccDosesAdministered","2021-03-23_09-08-35","detailed",0.543,54.3
202110,"SH","female",453,"sex",41580,8058,1.09,NA,19.38,NA,"COVID19VaccDosesAdministered","2021-03-23_09-08-35","detailed",0.606,60.6
202111,"SH","female",297,"sex",41580,8355,0.71,NA,20.09,NA,"COVID19VaccDosesAdministered","2021-03-23_09-08-35","detailed",0.532,53.2
202052,"SH","unknown",0,"sex",NA,0,NA,NA,NA,NA,"COVID19VaccDosesAdministered","2021-03-23_09-08-35","detailed",NA,NA
202053,"SH","unknown",1,"sex",NA,1,NA,NA,NA,NA,"COVID19VaccDosesAdministered","2021-03-23_09-08-35","detailed",0.009,0.9
202101,"SH","unknown",0,"sex",NA,1,NA,NA,NA,NA,"COVID19VaccDosesAdministered","2021-03-23_09-08-35","detailed",0,0
202102,"SH","unknown",0,"sex",NA,1,NA,NA,NA,0.14,"COVID19VaccDosesAdministered","2021-03-23_09-08-35","detailed",0,0
202103,"SH","unknown",0,"sex",NA,1,NA,NA,NA,0.14,"COVID19VaccDosesAdministered","2021-03-23_09-08-35","detailed",0,0
202104,"SH","unknown",0,"sex",NA,1,NA,NA,NA,0,"COVID19VaccDosesAdministered","2021-03-23_09-08-35","detailed",0,0
202105,"SH","unknown",0,"sex",NA,1,NA,NA,NA,0,"COVID19VaccDosesAdministered","2021-03-23_09-08-35","detailed",0,0
202106,"SH","unknown",0,"sex",NA,1,NA,NA,NA,0,"COVID19VaccDosesAdministered","2021-03-23_09-08-35","detailed",0,0
202107,"SH","unknown",0,"sex",NA,1,NA,NA,NA,0,"COVID19VaccDosesAdministered","2021-03-23_09-08-35","detailed",0,0
202108,"SH","unknown",0,"sex",NA,1,NA,NA,NA,0,"COVID19VaccDosesAdministered","2021-03-23_09-08-35","detailed",0,0
202109,"SH","unknown",0,"sex",NA,1,NA,NA,NA,NA,"COVID19VaccDosesAdministered","2021-03-23_09-08-35","detailed",0,0
202110,"SH","unknown",0,"sex",NA,1,NA,NA,NA,NA,"COVID19VaccDosesAdministered","2021-03-23_09-08-35","detailed",0,0
202111,"SH","unknown",0,"sex",NA,1,NA,NA,NA,NA,"COVID19VaccDosesAdministered","2021-03-23_09-08-35","detailed",0,0
202052,"SO","male",0,"sex",137659,0,0,NA,0,NA,"COVID19VaccDosesAdministered","2021-03-23_09-08-35","detailed",NA,NA
202053,"SO","male",26,"sex",137659,26,0.02,NA,0.02,NA,"COVID19VaccDosesAdministered","2021-03-23_09-08-35","detailed",0.2,20
202101,"SO","male",1345,"sex",137659,1371,0.98,NA,1,NA,"COVID19VaccDosesAdministered","2021-03-23_09-08-35","detailed",0.39,39
202102,"SO","male",1560,"sex",137659,2931,1.13,0.81,2.13,1121.57,"COVID19VaccDosesAdministered","2021-03-23_09-08-35","detailed",0.39,39
202103,"SO","male",1901,"sex",137659,4832,1.38,0.99,3.51,1368.29,"COVID19VaccDosesAdministered","2021-03-23_09-08-35","detailed",0.478,47.8
202104,"SO","male",1515,"sex",137659,6347,1.1,1.26,4.61,1731.86,"COVID19VaccDosesAdministered","2021-03-23_09-08-35","detailed",0.471,47.1
202105,"SO","male",1504,"sex",137659,7851,1.09,1.28,5.7,1765.57,"COVID19VaccDosesAdministered","2021-03-23_09-08-35","detailed",0.401,40.1
202106,"SO","male",1727,"sex",137659,9578,1.25,1.29,6.96,1781.57,"COVID19VaccDosesAdministered","2021-03-23_09-08-35","detailed",0.503,50.3
202107,"SO","male",2571,"sex",137659,12149,1.87,1.28,8.83,1770.43,"COVID19VaccDosesAdministered","2021-03-23_09-08-35","detailed",0.453,45.3
202108,"SO","male",1581,"sex",137659,13730,1.15,1.29,9.97,1782.29,"COVID19VaccDosesAdministered","2021-03-23_09-08-35","detailed",0.448,44.8
202109,"SO","male",1672,"sex",137659,15402,1.21,NA,11.19,NA,"COVID19VaccDosesAdministered","2021-03-23_09-08-35","detailed",0.425,42.5
202110,"SO","male",1823,"sex",137659,17225,1.32,NA,12.51,NA,"COVID19VaccDosesAdministered","2021-03-23_09-08-35","detailed",0.462,46.2
202111,"SO","male",1598,"sex",137659,18823,1.16,NA,13.67,NA,"COVID19VaccDosesAdministered","2021-03-23_09-08-35","detailed",0.457,45.7
202052,"SO","female",0,"sex",137588,0,0,NA,0,NA,"COVID19VaccDosesAdministered","2021-03-23_09-08-35","detailed",NA,NA
202053,"SO","female",104,"sex",137588,104,0.08,NA,0.08,NA,"COVID19VaccDosesAdministered","2021-03-23_09-08-35","detailed",0.8,80
202101,"SO","female",2108,"sex",137588,2212,1.53,NA,1.61,NA,"COVID19VaccDosesAdministered","2021-03-23_09-08-35","detailed",0.61,61
202102,"SO","female",2444,"sex",137588,4656,1.78,1.11,3.38,1526,"COVID19VaccDosesAdministered","2021-03-23_09-08-35","detailed",0.61,61
202103,"SO","female",2079,"sex",137588,6735,1.51,1.29,4.9,1769.71,"COVID19VaccDosesAdministered","2021-03-23_09-08-35","detailed",0.522,52.2
202104,"SO","female",1701,"sex",137588,8436,1.24,1.6,6.13,2199.14,"COVID19VaccDosesAdministered","2021-03-23_09-08-35","detailed",0.529,52.9
202105,"SO","female",2246,"sex",137588,10682,1.63,1.58,7.76,2175.86,"COVID19VaccDosesAdministered","2021-03-23_09-08-35","detailed",0.599,59.9
202106,"SO","female",1706,"sex",137588,12388,1.24,1.56,9,2149.71,"COVID19VaccDosesAdministered","2021-03-23_09-08-35","detailed",0.497,49.7
202107,"SO","female",3110,"sex",137588,15498,2.26,1.57,11.26,2156.43,"COVID19VaccDosesAdministered","2021-03-23_09-08-35","detailed",0.547,54.7
202108,"SO","female",1945,"sex",137588,17443,1.41,1.59,12.68,2185.14,"COVID19VaccDosesAdministered","2021-03-23_09-08-35","detailed",0.552,55.2
202109,"SO","female",2261,"sex",137588,19704,1.64,NA,14.32,NA,"COVID19VaccDosesAdministered","2021-03-23_09-08-35","detailed",0.575,57.5
202110,"SO","female",2126,"sex",137588,21830,1.55,NA,15.87,NA,"COVID19VaccDosesAdministered","2021-03-23_09-08-35","detailed",0.538,53.8
202111,"SO","female",1902,"sex",137588,23732,1.38,NA,17.25,NA,"COVID19VaccDosesAdministered","2021-03-23_09-08-35","detailed",0.543,54.3
202052,"SO","unknown",0,"sex",NA,0,NA,NA,NA,NA,"COVID19VaccDosesAdministered","2021-03-23_09-08-35","detailed",NA,NA
202053,"SO","unknown",0,"sex",NA,0,NA,NA,NA,NA,"COVID19VaccDosesAdministered","2021-03-23_09-08-35","detailed",0,0
202101,"SO","unknown",0,"sex",NA,0,NA,NA,NA,NA,"COVID19VaccDosesAdministered","2021-03-23_09-08-35","detailed",0,0
202102,"SO","unknown",0,"sex",NA,0,NA,NA,NA,0,"COVID19VaccDosesAdministered","2021-03-23_09-08-35","detailed",0,0
202103,"SO","unknown",0,"sex",NA,0,NA,NA,NA,0,"COVID19VaccDosesAdministered","2021-03-23_09-08-35","detailed",0,0
202104,"SO","unknown",0,"sex",NA,0,NA,NA,NA,0,"COVID19VaccDosesAdministered","2021-03-23_09-08-35","detailed",0,0
202105,"SO","unknown",0,"sex",NA,0,NA,NA,NA,0,"COVID19VaccDosesAdministered","2021-03-23_09-08-35","detailed",0,0
202106,"SO","unknown",0,"sex",NA,0,NA,NA,NA,0,"COVID19VaccDosesAdministered","2021-03-23_09-08-35","detailed",0,0
202107,"SO","unknown",0,"sex",NA,0,NA,NA,NA,0,"COVID19VaccDosesAdministered","2021-03-23_09-08-35","detailed",0,0
202108,"SO","unknown",0,"sex",NA,0,NA,NA,NA,0,"COVID19VaccDosesAdministered","2021-03-23_09-08-35","detailed",0,0
202109,"SO","unknown",0,"sex",NA,0,NA,NA,NA,NA,"COVID19VaccDosesAdministered","2021-03-23_09-08-35","detailed",0,0
202110,"SO","unknown",0,"sex",NA,0,NA,NA,NA,NA,"COVID19VaccDosesAdministered","2021-03-23_09-08-35","detailed",0,0
202111,"SO","unknown",0,"sex",NA,0,NA,NA,NA,NA,"COVID19VaccDosesAdministered","2021-03-23_09-08-35","detailed",0,0
202052,"UR","male",0,"sex",18739,0,0,NA,0,NA,"COVID19VaccDosesAdministered","2021-03-23_09-08-35","detailed",NA,NA
202053,"UR","male",0,"sex",18739,0,0,NA,0,NA,"COVID19VaccDosesAdministered","2021-03-23_09-08-35","detailed",NA,NA
202101,"UR","male",143,"sex",18739,143,0.76,NA,0.76,NA,"COVID19VaccDosesAdministered","2021-03-23_09-08-35","detailed",0.392,39.2
202102,"UR","male",187,"sex",18739,330,1,1,1.76,187,"COVID19VaccDosesAdministered","2021-03-23_09-08-35","detailed",0.437,43.7
202103,"UR","male",233,"sex",18739,563,1.24,1.21,3,226.57,"COVID19VaccDosesAdministered","2021-03-23_09-08-35","detailed",0.513,51.3
202104,"UR","male",422,"sex",18739,985,2.25,1.44,5.26,269.86,"COVID19VaccDosesAdministered","2021-03-23_09-08-35","detailed",0.447,44.7
202105,"UR","male",324,"sex",18739,1309,1.73,1.48,6.99,278,"COVID19VaccDosesAdministered","2021-03-23_09-08-35","detailed",0.455,45.5
202106,"UR","male",277,"sex",18739,1586,1.48,1.63,8.46,305.43,"COVID19VaccDosesAdministered","2021-03-23_09-08-35","detailed",0.483,48.3
202107,"UR","male",303,"sex",18739,1889,1.62,1.74,10.08,326,"COVID19VaccDosesAdministered","2021-03-23_09-08-35","detailed",0.503,50.3
202108,"UR","male",200,"sex",18739,2089,1.07,1.55,11.15,290.86,"COVID19VaccDosesAdministered","2021-03-23_09-08-35","detailed",0.427,42.7
202109,"UR","male",379,"sex",18739,2468,2.02,NA,13.17,NA,"COVID19VaccDosesAdministered","2021-03-23_09-08-35","detailed",0.471,47.1
202110,"UR","male",377,"sex",18739,2845,2.01,NA,15.18,NA,"COVID19VaccDosesAdministered","2021-03-23_09-08-35","detailed",0.467,46.7
202111,"UR","male",176,"sex",18739,3021,0.94,NA,16.12,NA,"COVID19VaccDosesAdministered","2021-03-23_09-08-35","detailed",0.494,49.4
202052,"UR","female",0,"sex",17964,0,0,NA,0,NA,"COVID19VaccDosesAdministered","2021-03-23_09-08-35","detailed",NA,NA
202053,"UR","female",0,"sex",17964,0,0,NA,0,NA,"COVID19VaccDosesAdministered","2021-03-23_09-08-35","detailed",NA,NA
202101,"UR","female",222,"sex",17964,222,1.24,NA,1.24,NA,"COVID19VaccDosesAdministered","2021-03-23_09-08-35","detailed",0.608,60.8
202102,"UR","female",241,"sex",17964,463,1.34,1.27,2.58,227.71,"COVID19VaccDosesAdministered","2021-03-23_09-08-35","detailed",0.563,56.3
202103,"UR","female",221,"sex",17964,684,1.23,1.5,3.81,270,"COVID19VaccDosesAdministered","2021-03-23_09-08-35","detailed",0.487,48.7
202104,"UR","female",522,"sex",17964,1206,2.91,1.74,6.71,312.71,"COVID19VaccDosesAdministered","2021-03-23_09-08-35","detailed",0.553,55.3
202105,"UR","female",388,"sex",17964,1594,2.16,1.78,8.87,319.29,"COVID19VaccDosesAdministered","2021-03-23_09-08-35","detailed",0.545,54.5
202106,"UR","female",296,"sex",17964,1890,1.65,1.92,10.52,345.57,"COVID19VaccDosesAdministered","2021-03-23_09-08-35","detailed",0.517,51.7
202107,"UR","female",299,"sex",17964,2189,1.66,2.09,12.19,375.43,"COVID19VaccDosesAdministered","2021-03-23_09-08-35","detailed",0.497,49.7
202108,"UR","female",268,"sex",17964,2457,1.49,1.82,13.68,326.57,"COVID19VaccDosesAdministered","2021-03-23_09-08-35","detailed",0.573,57.3
202109,"UR","female",425,"sex",17964,2882,2.37,NA,16.04,NA,"COVID19VaccDosesAdministered","2021-03-23_09-08-35","detailed",0.529,52.9
202110,"UR","female",430,"sex",17964,3312,2.39,NA,18.44,NA,"COVID19VaccDosesAdministered","2021-03-23_09-08-35","detailed",0.533,53.3
202111,"UR","female",180,"sex",17964,3492,1,NA,19.44,NA,"COVID19VaccDosesAdministered","2021-03-23_09-08-35","detailed",0.506,50.6
202052,"UR","unknown",0,"sex",NA,0,NA,NA,NA,NA,"COVID19VaccDosesAdministered","2021-03-23_09-08-35","detailed",NA,NA
202053,"UR","unknown",0,"sex",NA,0,NA,NA,NA,NA,"COVID19VaccDosesAdministered","2021-03-23_09-08-35","detailed",NA,NA
202101,"UR","unknown",0,"sex",NA,0,NA,NA,NA,NA,"COVID19VaccDosesAdministered","2021-03-23_09-08-35","detailed",0,0
202102,"UR","unknown",0,"sex",NA,0,NA,NA,NA,0,"COVID19VaccDosesAdministered","2021-03-23_09-08-35","detailed",0,0
202103,"UR","unknown",0,"sex",NA,0,NA,NA,NA,0,"COVID19VaccDosesAdministered","2021-03-23_09-08-35","detailed",0,0
202104,"UR","unknown",0,"sex",NA,0,NA,NA,NA,0,"COVID19VaccDosesAdministered","2021-03-23_09-08-35","detailed",0,0
202105,"UR","unknown",0,"sex",NA,0,NA,NA,NA,0,"COVID19VaccDosesAdministered","2021-03-23_09-08-35","detailed",0,0
202106,"UR","unknown",0,"sex",NA,0,NA,NA,NA,0,"COVID19VaccDosesAdministered","2021-03-23_09-08-35","detailed",0,0
202107,"UR","unknown",0,"sex",NA,0,NA,NA,NA,0,"COVID19VaccDosesAdministered","2021-03-23_09-08-35","detailed",0,0
202108,"UR","unknown",0,"sex",NA,0,NA,NA,NA,0,"COVID19VaccDosesAdministered","2021-03-23_09-08-35","detailed",0,0
202109,"UR","unknown",0,"sex",NA,0,NA,NA,NA,NA,"COVID19VaccDosesAdministered","2021-03-23_09-08-35","detailed",0,0
202110,"UR","unknown",0,"sex",NA,0,NA,NA,NA,NA,"COVID19VaccDosesAdministered","2021-03-23_09-08-35","detailed",0,0
202111,"UR","unknown",0,"sex",NA,0,NA,NA,NA,NA,"COVID19VaccDosesAdministered","2021-03-23_09-08-35","detailed",0,0
202052,"VD","male",0,"sex",395189,0,0,NA,0,NA,"COVID19VaccDosesAdministered","2021-03-23_09-08-35","detailed",NA,NA
202053,"VD","male",33,"sex",395189,33,0.01,NA,0.01,NA,"COVID19VaccDosesAdministered","2021-03-23_09-08-35","detailed",0.34,34
202101,"VD","male",119,"sex",395189,152,0.03,NA,0.04,NA,"COVID19VaccDosesAdministered","2021-03-23_09-08-35","detailed",0.43,43
202102,"VD","male",2536,"sex",395189,2688,0.64,0.64,0.68,2533,"COVID19VaccDosesAdministered","2021-03-23_09-08-35","detailed",0.472,47.2
202103,"VD","male",4247,"sex",395189,6935,1.07,0.88,1.75,3493.29,"COVID19VaccDosesAdministered","2021-03-23_09-08-35","detailed",0.418,41.8
202104,"VD","male",5408,"sex",395189,12343,1.37,1.09,3.12,4328.71,"COVID19VaccDosesAdministered","2021-03-23_09-08-35","detailed",0.448,44.8
202105,"VD","male",5388,"sex",395189,17731,1.36,1.28,4.49,5069.14,"COVID19VaccDosesAdministered","2021-03-23_09-08-35","detailed",0.453,45.3
202106,"VD","male",6722,"sex",395189,24453,1.7,1.37,6.19,5416.43,"COVID19VaccDosesAdministered","2021-03-23_09-08-35","detailed",0.435,43.5
202107,"VD","male",5881,"sex",395189,30334,1.49,1.38,7.68,5458.71,"COVID19VaccDosesAdministered","2021-03-23_09-08-35","detailed",0.456,45.6
202108,"VD","male",5302,"sex",395189,35636,1.34,1.48,9.02,5852.86,"COVID19VaccDosesAdministered","2021-03-23_09-08-35","detailed",0.441,44.1
202109,"VD","male",4967,"sex",395189,40603,1.26,NA,10.27,NA,"COVID19VaccDosesAdministered","2021-03-23_09-08-35","detailed",0.434,43.4
202110,"VD","male",4543,"sex",395189,45146,1.15,NA,11.42,NA,"COVID19VaccDosesAdministered","2021-03-23_09-08-35","detailed",0.428,42.8
202111,"VD","male",8167,"sex",395189,53313,2.07,NA,13.49,NA,"COVID19VaccDosesAdministered","2021-03-23_09-08-35","detailed",0.453,45.3
202052,"VD","female",0,"sex",409909,0,0,NA,0,NA,"COVID19VaccDosesAdministered","2021-03-23_09-08-35","detailed",NA,NA
202053,"VD","female",64,"sex",409909,64,0.02,NA,0.02,NA,"COVID19VaccDosesAdministered","2021-03-23_09-08-35","detailed",0.66,66
202101,"VD","female",158,"sex",409909,222,0.04,NA,0.05,NA,"COVID19VaccDosesAdministered","2021-03-23_09-08-35","detailed",0.57,57
202102,"VD","female",2839,"sex",409909,3061,0.69,0.77,0.75,3163.71,"COVID19VaccDosesAdministered","2021-03-23_09-08-35","detailed",0.528,52.8
202103,"VD","female",5916,"sex",409909,8977,1.44,1.08,2.19,4412.14,"COVID19VaccDosesAdministered","2021-03-23_09-08-35","detailed",0.582,58.2
202104,"VD","female",6655,"sex",409909,15632,1.62,1.32,3.81,5404.14,"COVID19VaccDosesAdministered","2021-03-23_09-08-35","detailed",0.552,55.2
202105,"VD","female",6514,"sex",409909,22146,1.59,1.55,5.4,6341.57,"COVID19VaccDosesAdministered","2021-03-23_09-08-35","detailed",0.547,54.7
202106,"VD","female",8739,"sex",409909,30885,2.13,1.67,7.53,6861.29,"COVID19VaccDosesAdministered","2021-03-23_09-08-35","detailed",0.565,56.5
202107,"VD","female",7008,"sex",409909,37893,1.71,1.68,9.24,6883.86,"COVID19VaccDosesAdministered","2021-03-23_09-08-35","detailed",0.544,54.4
202108,"VD","female",6720,"sex",409909,44613,1.64,1.79,10.88,7340.86,"COVID19VaccDosesAdministered","2021-03-23_09-08-35","detailed",0.559,55.9
202109,"VD","female",6477,"sex",409909,51090,1.58,NA,12.46,NA,"COVID19VaccDosesAdministered","2021-03-23_09-08-35","detailed",0.566,56.6
202110,"VD","female",6074,"sex",409909,57164,1.48,NA,13.95,NA,"COVID19VaccDosesAdministered","2021-03-23_09-08-35","detailed",0.572,57.2
202111,"VD","female",9854,"sex",409909,67018,2.4,NA,16.35,NA,"COVID19VaccDosesAdministered","2021-03-23_09-08-35","detailed",0.547,54.7
202052,"VD","unknown",0,"sex",NA,0,NA,NA,NA,NA,"COVID19VaccDosesAdministered","2021-03-23_09-08-35","detailed",NA,NA
202053,"VD","unknown",0,"sex",NA,0,NA,NA,NA,NA,"COVID19VaccDosesAdministered","2021-03-23_09-08-35","detailed",0,0
202101,"VD","unknown",0,"sex",NA,0,NA,NA,NA,NA,"COVID19VaccDosesAdministered","2021-03-23_09-08-35","detailed",0,0
202102,"VD","unknown",0,"sex",NA,0,NA,NA,NA,0,"COVID19VaccDosesAdministered","2021-03-23_09-08-35","detailed",0,0
202103,"VD","unknown",0,"sex",NA,0,NA,NA,NA,0,"COVID19VaccDosesAdministered","2021-03-23_09-08-35","detailed",0,0
202104,"VD","unknown",0,"sex",NA,0,NA,NA,NA,0,"COVID19VaccDosesAdministered","2021-03-23_09-08-35","detailed",0,0
202105,"VD","unknown",0,"sex",NA,0,NA,NA,NA,0,"COVID19VaccDosesAdministered","2021-03-23_09-08-35","detailed",0,0
202106,"VD","unknown",0,"sex",NA,0,NA,NA,NA,0,"COVID19VaccDosesAdministered","2021-03-23_09-08-35","detailed",0,0
202107,"VD","unknown",0,"sex",NA,0,NA,NA,NA,0,"COVID19VaccDosesAdministered","2021-03-23_09-08-35","detailed",0,0
202108,"VD","unknown",0,"sex",NA,0,NA,NA,NA,0.29,"COVID19VaccDosesAdministered","2021-03-23_09-08-35","detailed",0,0
202109,"VD","unknown",0,"sex",NA,0,NA,NA,NA,NA,"COVID19VaccDosesAdministered","2021-03-23_09-08-35","detailed",0,0
202110,"VD","unknown",0,"sex",NA,0,NA,NA,NA,NA,"COVID19VaccDosesAdministered","2021-03-23_09-08-35","detailed",0,0
202111,"VD","unknown",2,"sex",NA,2,NA,NA,NA,NA,"COVID19VaccDosesAdministered","2021-03-23_09-08-35","detailed",0,0
202052,"ZG","male",111,"sex",64594,111,0.17,NA,0.17,NA,"COVID19VaccDosesAdministered","2021-03-23_09-08-35","detailed",0.464,46.4
202053,"ZG","male",38,"sex",64594,149,0.06,NA,0.23,NA,"COVID19VaccDosesAdministered","2021-03-23_09-08-35","detailed",0.319,31.9
202101,"ZG","male",113,"sex",64594,262,0.17,NA,0.41,NA,"COVID19VaccDosesAdministered","2021-03-23_09-08-35","detailed",0.366,36.6
202102,"ZG","male",715,"sex",64594,977,1.11,0.83,1.51,533.57,"COVID19VaccDosesAdministered","2021-03-23_09-08-35","detailed",0.487,48.7
202103,"ZG","male",1991,"sex",64594,2968,3.08,0.94,4.59,607.29,"COVID19VaccDosesAdministered","2021-03-23_09-08-35","detailed",0.44,44
202104,"ZG","male",349,"sex",64594,3317,0.54,1.35,5.14,874,"COVID19VaccDosesAdministered","2021-03-23_09-08-35","detailed",0.483,48.3
202105,"ZG","male",418,"sex",64594,3735,0.65,1.51,5.78,976.57,"COVID19VaccDosesAdministered","2021-03-23_09-08-35","detailed",0.447,44.7
202106,"ZG","male",627,"sex",64594,4362,0.97,1.55,6.75,1002.57,"COVID19VaccDosesAdministered","2021-03-23_09-08-35","detailed",0.495,49.5
202107,"ZG","male",1905,"sex",64594,6267,2.95,1.18,9.7,761.86,"COVID19VaccDosesAdministered","2021-03-23_09-08-35","detailed",0.451,45.1
202108,"ZG","male",831,"sex",64594,7098,1.29,1.31,10.99,846.71,"COVID19VaccDosesAdministered","2021-03-23_09-08-35","detailed",0.448,44.8
202109,"ZG","male",897,"sex",64594,7995,1.39,NA,12.38,NA,"COVID19VaccDosesAdministered","2021-03-23_09-08-35","detailed",0.494,49.4
202110,"ZG","male",306,"sex",64594,8301,0.47,NA,12.85,NA,"COVID19VaccDosesAdministered","2021-03-23_09-08-35","detailed",0.445,44.5
202111,"ZG","male",943,"sex",64594,9244,1.46,NA,14.31,NA,"COVID19VaccDosesAdministered","2021-03-23_09-08-35","detailed",0.47,47
202052,"ZG","female",128,"sex",63048,128,0.2,NA,0.2,NA,"COVID19VaccDosesAdministered","2021-03-23_09-08-35","detailed",0.536,53.6
202053,"ZG","female",81,"sex",63048,209,0.13,NA,0.33,NA,"COVID19VaccDosesAdministered","2021-03-23_09-08-35","detailed",0.681,68.1
202101,"ZG","female",196,"sex",63048,405,0.31,NA,0.64,NA,"COVID19VaccDosesAdministered","2021-03-23_09-08-35","detailed",0.634,63.4
202102,"ZG","female",751,"sex",63048,1156,1.19,1.04,1.83,654,"COVID19VaccDosesAdministered","2021-03-23_09-08-35","detailed",0.512,51.2
202103,"ZG","female",2532,"sex",63048,3688,4.02,1.15,5.85,727.14,"COVID19VaccDosesAdministered","2021-03-23_09-08-35","detailed",0.56,56
202104,"ZG","female",373,"sex",63048,4061,0.59,1.66,6.44,1047.43,"COVID19VaccDosesAdministered","2021-03-23_09-08-35","detailed",0.517,51.7
202105,"ZG","female",517,"sex",63048,4578,0.82,1.85,7.26,1165.71,"COVID19VaccDosesAdministered","2021-03-23_09-08-35","detailed",0.553,55.3
202106,"ZG","female",640,"sex",63048,5218,1.02,1.89,8.28,1189.71,"COVID19VaccDosesAdministered","2021-03-23_09-08-35","detailed",0.505,50.5
202107,"ZG","female",2323,"sex",63048,7541,3.68,1.4,11.96,882.57,"COVID19VaccDosesAdministered","2021-03-23_09-08-35","detailed",0.549,54.9
202108,"ZG","female",1024,"sex",63048,8565,1.62,1.56,13.58,981.14,"COVID19VaccDosesAdministered","2021-03-23_09-08-35","detailed",0.552,55.2
202109,"ZG","female",919,"sex",63048,9484,1.46,NA,15.04,NA,"COVID19VaccDosesAdministered","2021-03-23_09-08-35","detailed",0.506,50.6
202110,"ZG","female",382,"sex",63048,9866,0.61,NA,15.65,NA,"COVID19VaccDosesAdministered","2021-03-23_09-08-35","detailed",0.555,55.5
202111,"ZG","female",1063,"sex",63048,10929,1.69,NA,17.33,NA,"COVID19VaccDosesAdministered","2021-03-23_09-08-35","detailed",0.53,53
202052,"ZG","unknown",0,"sex",NA,0,NA,NA,NA,NA,"COVID19VaccDosesAdministered","2021-03-23_09-08-35","detailed",0,0
202053,"ZG","unknown",0,"sex",NA,0,NA,NA,NA,NA,"COVID19VaccDosesAdministered","2021-03-23_09-08-35","detailed",0,0
202101,"ZG","unknown",0,"sex",NA,0,NA,NA,NA,NA,"COVID19VaccDosesAdministered","2021-03-23_09-08-35","detailed",0,0
202102,"ZG","unknown",1,"sex",NA,1,NA,NA,NA,0.14,"COVID19VaccDosesAdministered","2021-03-23_09-08-35","detailed",0.001,0.1
202103,"ZG","unknown",0,"sex",NA,1,NA,NA,NA,0.14,"COVID19VaccDosesAdministered","2021-03-23_09-08-35","detailed",0,0
202104,"ZG","unknown",0,"sex",NA,1,NA,NA,NA,0.14,"COVID19VaccDosesAdministered","2021-03-23_09-08-35","detailed",0,0
202105,"ZG","unknown",0,"sex",NA,1,NA,NA,NA,0.14,"COVID19VaccDosesAdministered","2021-03-23_09-08-35","detailed",0,0
202106,"ZG","unknown",0,"sex",NA,1,NA,NA,NA,0,"COVID19VaccDosesAdministered","2021-03-23_09-08-35","detailed",0,0
202107,"ZG","unknown",0,"sex",NA,1,NA,NA,NA,0,"COVID19VaccDosesAdministered","2021-03-23_09-08-35","detailed",0,0
202108,"ZG","unknown",0,"sex",NA,1,NA,NA,NA,0,"COVID19VaccDosesAdministered","2021-03-23_09-08-35","detailed",0,0
202109,"ZG","unknown",0,"sex",NA,1,NA,NA,NA,NA,"COVID19VaccDosesAdministered","2021-03-23_09-08-35","detailed",0,0
202110,"ZG","unknown",0,"sex",NA,1,NA,NA,NA,NA,"COVID19VaccDosesAdministered","2021-03-23_09-08-35","detailed",0,0
202111,"ZG","unknown",0,"sex",NA,1,NA,NA,NA,NA,"COVID19VaccDosesAdministered","2021-03-23_09-08-35","detailed",0,0