"date","geoRegion","sex","entries","type_variant","pop","sumTotal","per100Persons","per100Persons_mean7d","per100PersonsTotal","mean7d","type","version","granularity","freq","prct"
202052,"AI","male",0,"sex",8303,0,0,NA,0,NA,"COVID19FullyVaccPersons","2021-03-23_09-08-35","detailed",NA,NA
202053,"AI","male",0,"sex",8303,0,0,NA,0,NA,"COVID19FullyVaccPersons","2021-03-23_09-08-35","detailed",NA,NA
202101,"AI","male",0,"sex",8303,0,0,NA,0,NA,"COVID19FullyVaccPersons","2021-03-23_09-08-35","detailed",NA,NA
202102,"AI","male",0,"sex",8303,0,0,0.32,0,26.43,"COVID19FullyVaccPersons","2021-03-23_09-08-35","detailed",NA,NA
202103,"AI","male",0,"sex",8303,0,0,0.48,0,40,"COVID19FullyVaccPersons","2021-03-23_09-08-35","detailed",NA,NA
202104,"AI","male",28,"sex",8303,28,0.34,0.81,0.34,67,"COVID19FullyVaccPersons","2021-03-23_09-08-35","detailed",0.304,30.4
202105,"AI","male",157,"sex",8303,185,1.89,0.85,2.23,70.71,"COVID19FullyVaccPersons","2021-03-23_09-08-35","detailed",0.52,52
202106,"AI","male",95,"sex",8303,280,1.14,0.85,3.37,70.86,"COVID19FullyVaccPersons","2021-03-23_09-08-35","detailed",0.495,49.5
202107,"AI","male",189,"sex",8303,469,2.28,0.93,5.65,77,"COVID19FullyVaccPersons","2021-03-23_09-08-35","detailed",0.495,49.5
202108,"AI","male",26,"sex",8303,495,0.31,0.88,5.96,73.43,"COVID19FullyVaccPersons","2021-03-23_09-08-35","detailed",0.491,49.1
202109,"AI","male",1,"sex",8303,496,0.01,NA,5.97,NA,"COVID19FullyVaccPersons","2021-03-23_09-08-35","detailed",1,100
202110,"AI","male",43,"sex",8303,539,0.52,NA,6.49,NA,"COVID19FullyVaccPersons","2021-03-23_09-08-35","detailed",0.453,45.3
202111,"AI","male",3,"sex",8303,542,0.04,NA,6.53,NA,"COVID19FullyVaccPersons","2021-03-23_09-08-35","detailed",0.273,27.3
202052,"AI","female",0,"sex",7825,0,0,NA,0,NA,"COVID19FullyVaccPersons","2021-03-23_09-08-35","detailed",NA,NA
202053,"AI","female",0,"sex",7825,0,0,NA,0,NA,"COVID19FullyVaccPersons","2021-03-23_09-08-35","detailed",NA,NA
202101,"AI","female",0,"sex",7825,0,0,NA,0,NA,"COVID19FullyVaccPersons","2021-03-23_09-08-35","detailed",NA,NA
202102,"AI","female",0,"sex",7825,0,0,0.38,0,29.86,"COVID19FullyVaccPersons","2021-03-23_09-08-35","detailed",NA,NA
202103,"AI","female",0,"sex",7825,0,0,0.56,0,43.71,"COVID19FullyVaccPersons","2021-03-23_09-08-35","detailed",NA,NA
202104,"AI","female",64,"sex",7825,64,0.82,0.91,0.82,71.29,"COVID19FullyVaccPersons","2021-03-23_09-08-35","detailed",0.696,69.6
202105,"AI","female",145,"sex",7825,209,1.85,0.96,2.67,75.14,"COVID19FullyVaccPersons","2021-03-23_09-08-35","detailed",0.48,48
202106,"AI","female",97,"sex",7825,306,1.24,0.96,3.91,75.14,"COVID19FullyVaccPersons","2021-03-23_09-08-35","detailed",0.505,50.5
202107,"AI","female",193,"sex",7825,499,2.47,1.06,6.38,82.57,"COVID19FullyVaccPersons","2021-03-23_09-08-35","detailed",0.505,50.5
202108,"AI","female",27,"sex",7825,526,0.35,0.95,6.72,74.57,"COVID19FullyVaccPersons","2021-03-23_09-08-35","detailed",0.509,50.9
202109,"AI","female",0,"sex",7825,526,0,NA,6.72,NA,"COVID19FullyVaccPersons","2021-03-23_09-08-35","detailed",0,0
202110,"AI","female",52,"sex",7825,578,0.66,NA,7.39,NA,"COVID19FullyVaccPersons","2021-03-23_09-08-35","detailed",0.547,54.7
202111,"AI","female",8,"sex",7825,586,0.1,NA,7.49,NA,"COVID19FullyVaccPersons","2021-03-23_09-08-35","detailed",0.727,72.7
202052,"AI","unknown",0,"sex",NA,0,NA,NA,NA,NA,"COVID19FullyVaccPersons","2021-03-23_09-08-35","detailed",NA,NA
202053,"AI","unknown",0,"sex",NA,0,NA,NA,NA,NA,"COVID19FullyVaccPersons","2021-03-23_09-08-35","detailed",NA,NA
202101,"AI","unknown",0,"sex",NA,0,NA,NA,NA,NA,"COVID19FullyVaccPersons","2021-03-23_09-08-35","detailed",NA,NA
202102,"AI","unknown",0,"sex",NA,0,NA,NA,NA,0,"COVID19FullyVaccPersons","2021-03-23_09-08-35","detailed",NA,NA
202103,"AI","unknown",0,"sex",NA,0,NA,NA,NA,0,"COVID19FullyVaccPersons","2021-03-23_09-08-35","detailed",NA,NA
202104,"AI","unknown",0,"sex",NA,0,NA,NA,NA,0,"COVID19FullyVaccPersons","2021-03-23_09-08-35","detailed",0,0
202105,"AI","unknown",0,"sex",NA,0,NA,NA,NA,0,"COVID19FullyVaccPersons","2021-03-23_09-08-35","detailed",0,0
202106,"AI","unknown",0,"sex",NA,0,NA,NA,NA,0,"COVID19FullyVaccPersons","2021-03-23_09-08-35","detailed",0,0
202107,"AI","unknown",0,"sex",NA,0,NA,NA,NA,0,"COVID19FullyVaccPersons","2021-03-23_09-08-35","detailed",0,0
202108,"AI","unknown",0,"sex",NA,0,NA,NA,NA,0,"COVID19FullyVaccPersons","2021-03-23_09-08-35","detailed",0,0
202109,"AI","unknown",0,"sex",NA,0,NA,NA,NA,NA,"COVID19FullyVaccPersons","2021-03-23_09-08-35","detailed",0,0
202110,"AI","unknown",0,"sex",NA,0,NA,NA,NA,NA,"COVID19FullyVaccPersons","2021-03-23_09-08-35","detailed",0,0
202111,"AI","unknown",0,"sex",NA,0,NA,NA,NA,NA,"COVID19FullyVaccPersons","2021-03-23_09-08-35","detailed",0,0
202052,"AR","male",0,"sex",27938,0,0,NA,0,NA,"COVID19FullyVaccPersons","2021-03-23_09-08-35","detailed",NA,NA
202053,"AR","male",1,"sex",27938,1,0,NA,0,NA,"COVID19FullyVaccPersons","2021-03-23_09-08-35","detailed",1,100
202101,"AR","male",0,"sex",27938,1,0,NA,0,NA,"COVID19FullyVaccPersons","2021-03-23_09-08-35","detailed",NA,NA
202102,"AR","male",0,"sex",27938,1,0,0.1,0,27.43,"COVID19FullyVaccPersons","2021-03-23_09-08-35","detailed",NA,NA
202103,"AR","male",1,"sex",27938,2,0,0.13,0.01,36.57,"COVID19FullyVaccPersons","2021-03-23_09-08-35","detailed",1,100
202104,"AR","male",190,"sex",27938,192,0.68,0.42,0.69,117.57,"COVID19FullyVaccPersons","2021-03-23_09-08-35","detailed",0.315,31.5
202105,"AR","male",0,"sex",27938,192,0,0.59,0.69,164.14,"COVID19FullyVaccPersons","2021-03-23_09-08-35","detailed",NA,NA
202106,"AR","male",64,"sex",27938,256,0.23,0.7,0.92,194.29,"COVID19FullyVaccPersons","2021-03-23_09-08-35","detailed",0.286,28.6
202107,"AR","male",568,"sex",27938,824,2.03,0.7,2.95,196.43,"COVID19FullyVaccPersons","2021-03-23_09-08-35","detailed",0.523,52.3
202108,"AR","male",326,"sex",27938,1150,1.17,0.66,4.12,185.43,"COVID19FullyVaccPersons","2021-03-23_09-08-35","detailed",0.535,53.5
202109,"AR","male",211,"sex",27938,1361,0.76,NA,4.87,NA,"COVID19FullyVaccPersons","2021-03-23_09-08-35","detailed",0.504,50.4
202110,"AR","male",16,"sex",27938,1377,0.06,NA,4.93,NA,"COVID19FullyVaccPersons","2021-03-23_09-08-35","detailed",0.333,33.3
202111,"AR","male",113,"sex",27938,1490,0.4,NA,5.33,NA,"COVID19FullyVaccPersons","2021-03-23_09-08-35","detailed",0.498,49.8
202052,"AR","female",0,"sex",27507,0,0,NA,0,NA,"COVID19FullyVaccPersons","2021-03-23_09-08-35","detailed",NA,NA
202053,"AR","female",0,"sex",27507,0,0,NA,0,NA,"COVID19FullyVaccPersons","2021-03-23_09-08-35","detailed",0,0
202101,"AR","female",0,"sex",27507,0,0,NA,0,NA,"COVID19FullyVaccPersons","2021-03-23_09-08-35","detailed",NA,NA
202102,"AR","female",0,"sex",27507,0,0,0.21,0,59,"COVID19FullyVaccPersons","2021-03-23_09-08-35","detailed",NA,NA
202103,"AR","female",0,"sex",27507,0,0,0.3,0,81.86,"COVID19FullyVaccPersons","2021-03-23_09-08-35","detailed",0,0
202104,"AR","female",413,"sex",27507,413,1.5,0.57,1.5,155.86,"COVID19FullyVaccPersons","2021-03-23_09-08-35","detailed",0.685,68.5
202105,"AR","female",0,"sex",27507,413,0,0.71,1.5,196.29,"COVID19FullyVaccPersons","2021-03-23_09-08-35","detailed",NA,NA
202106,"AR","female",160,"sex",27507,573,0.58,0.82,2.08,226,"COVID19FullyVaccPersons","2021-03-23_09-08-35","detailed",0.714,71.4
202107,"AR","female",518,"sex",27507,1091,1.88,0.84,3.97,230.57,"COVID19FullyVaccPersons","2021-03-23_09-08-35","detailed",0.477,47.7
202108,"AR","female",283,"sex",27507,1374,1.03,0.68,5,187.86,"COVID19FullyVaccPersons","2021-03-23_09-08-35","detailed",0.465,46.5
202109,"AR","female",208,"sex",27507,1582,0.76,NA,5.75,NA,"COVID19FullyVaccPersons","2021-03-23_09-08-35","detailed",0.496,49.6
202110,"AR","female",32,"sex",27507,1614,0.12,NA,5.87,NA,"COVID19FullyVaccPersons","2021-03-23_09-08-35","detailed",0.667,66.7
202111,"AR","female",114,"sex",27507,1728,0.41,NA,6.28,NA,"COVID19FullyVaccPersons","2021-03-23_09-08-35","detailed",0.502,50.2
202052,"AR","unknown",0,"sex",NA,0,NA,NA,NA,NA,"COVID19FullyVaccPersons","2021-03-23_09-08-35","detailed",NA,NA
202053,"AR","unknown",0,"sex",NA,0,NA,NA,NA,NA,"COVID19FullyVaccPersons","2021-03-23_09-08-35","detailed",0,0
202101,"AR","unknown",0,"sex",NA,0,NA,NA,NA,NA,"COVID19FullyVaccPersons","2021-03-23_09-08-35","detailed",NA,NA
202102,"AR","unknown",0,"sex",NA,0,NA,NA,NA,0,"COVID19FullyVaccPersons","2021-03-23_09-08-35","detailed",NA,NA
202103,"AR","unknown",0,"sex",NA,0,NA,NA,NA,0,"COVID19FullyVaccPersons","2021-03-23_09-08-35","detailed",0,0
202104,"AR","unknown",0,"sex",NA,0,NA,NA,NA,0,"COVID19FullyVaccPersons","2021-03-23_09-08-35","detailed",0,0
202105,"AR","unknown",0,"sex",NA,0,NA,NA,NA,0,"COVID19FullyVaccPersons","2021-03-23_09-08-35","detailed",NA,NA
202106,"AR","unknown",0,"sex",NA,0,NA,NA,NA,0,"COVID19FullyVaccPersons","2021-03-23_09-08-35","detailed",0,0
202107,"AR","unknown",0,"sex",NA,0,NA,NA,NA,0,"COVID19FullyVaccPersons","2021-03-23_09-08-35","detailed",0,0
202108,"AR","unknown",0,"sex",NA,0,NA,NA,NA,0,"COVID19FullyVaccPersons","2021-03-23_09-08-35","detailed",0,0
202109,"AR","unknown",0,"sex",NA,0,NA,NA,NA,NA,"COVID19FullyVaccPersons","2021-03-23_09-08-35","detailed",0,0
202110,"AR","unknown",0,"sex",NA,0,NA,NA,NA,NA,"COVID19FullyVaccPersons","2021-03-23_09-08-35","detailed",0,0
202111,"AR","unknown",0,"sex",NA,0,NA,NA,NA,NA,"COVID19FullyVaccPersons","2021-03-23_09-08-35","detailed",0,0
202052,"BE","male",0,"sex",510170,0,0,NA,0,NA,"COVID19FullyVaccPersons","2021-03-23_09-08-35","detailed",NA,NA
202053,"BE","male",0,"sex",510170,0,0,NA,0,NA,"COVID19FullyVaccPersons","2021-03-23_09-08-35","detailed",NA,NA
202101,"BE","male",0,"sex",510170,0,0,NA,0,NA,"COVID19FullyVaccPersons","2021-03-23_09-08-35","detailed",NA,NA
202102,"BE","male",0,"sex",510170,0,0,0,0,0.71,"COVID19FullyVaccPersons","2021-03-23_09-08-35","detailed",NA,NA
202103,"BE","male",0,"sex",510170,0,0,0.06,0,290.14,"COVID19FullyVaccPersons","2021-03-23_09-08-35","detailed",NA,NA
202104,"BE","male",0,"sex",510170,0,0,0.17,0,875.71,"COVID19FullyVaccPersons","2021-03-23_09-08-35","detailed",0,0
202105,"BE","male",5,"sex",510170,5,0,0.31,0,1564.43,"COVID19FullyVaccPersons","2021-03-23_09-08-35","detailed",0.455,45.5
202106,"BE","male",2026,"sex",510170,2031,0.4,0.45,0.4,2282.29,"COVID19FullyVaccPersons","2021-03-23_09-08-35","detailed",0.445,44.5
202107,"BE","male",4099,"sex",510170,6130,0.8,0.55,1.2,2826.29,"COVID19FullyVaccPersons","2021-03-23_09-08-35","detailed",0.43,43
202108,"BE","male",4821,"sex",510170,10951,0.94,0.65,2.15,3343.86,"COVID19FullyVaccPersons","2021-03-23_09-08-35","detailed",0.454,45.4
202109,"BE","male",5025,"sex",510170,15976,0.98,NA,3.13,NA,"COVID19FullyVaccPersons","2021-03-23_09-08-35","detailed",0.453,45.3
202110,"BE","male",3808,"sex",510170,19784,0.75,NA,3.88,NA,"COVID19FullyVaccPersons","2021-03-23_09-08-35","detailed",0.385,38.5
202111,"BE","male",3623,"sex",510170,23407,0.71,NA,4.59,NA,"COVID19FullyVaccPersons","2021-03-23_09-08-35","detailed",0.331,33.1
202052,"BE","female",0,"sex",529304,0,0,NA,0,NA,"COVID19FullyVaccPersons","2021-03-23_09-08-35","detailed",NA,NA
202053,"BE","female",0,"sex",529304,0,0,NA,0,NA,"COVID19FullyVaccPersons","2021-03-23_09-08-35","detailed",NA,NA
202101,"BE","female",0,"sex",529304,0,0,NA,0,NA,"COVID19FullyVaccPersons","2021-03-23_09-08-35","detailed",NA,NA
202102,"BE","female",0,"sex",529304,0,0,0,0,1,"COVID19FullyVaccPersons","2021-03-23_09-08-35","detailed",NA,NA
202103,"BE","female",0,"sex",529304,0,0,0.07,0,361.71,"COVID19FullyVaccPersons","2021-03-23_09-08-35","detailed",NA,NA
202104,"BE","female",1,"sex",529304,1,0,0.21,0,1136.14,"COVID19FullyVaccPersons","2021-03-23_09-08-35","detailed",1,100
202105,"BE","female",6,"sex",529304,7,0,0.37,0,1963.43,"COVID19FullyVaccPersons","2021-03-23_09-08-35","detailed",0.545,54.5
202106,"BE","female",2525,"sex",529304,2532,0.48,0.53,0.48,2830.43,"COVID19FullyVaccPersons","2021-03-23_09-08-35","detailed",0.554,55.4
202107,"BE","female",5421,"sex",529304,7953,1.02,0.7,1.5,3700.14,"COVID19FullyVaccPersons","2021-03-23_09-08-35","detailed",0.569,56.9
202108,"BE","female",5791,"sex",529304,13744,1.09,0.9,2.6,4745.71,"COVID19FullyVaccPersons","2021-03-23_09-08-35","detailed",0.545,54.5
202109,"BE","female",6069,"sex",529304,19813,1.15,NA,3.74,NA,"COVID19FullyVaccPersons","2021-03-23_09-08-35","detailed",0.547,54.7
202110,"BE","female",6088,"sex",529304,25901,1.15,NA,4.89,NA,"COVID19FullyVaccPersons","2021-03-23_09-08-35","detailed",0.615,61.5
202111,"BE","female",7320,"sex",529304,33221,1.38,NA,6.28,NA,"COVID19FullyVaccPersons","2021-03-23_09-08-35","detailed",0.669,66.9
202052,"BE","unknown",0,"sex",NA,0,NA,NA,NA,NA,"COVID19FullyVaccPersons","2021-03-23_09-08-35","detailed",NA,NA
202053,"BE","unknown",0,"sex",NA,0,NA,NA,NA,NA,"COVID19FullyVaccPersons","2021-03-23_09-08-35","detailed",NA,NA
202101,"BE","unknown",0,"sex",NA,0,NA,NA,NA,NA,"COVID19FullyVaccPersons","2021-03-23_09-08-35","detailed",NA,NA
202102,"BE","unknown",0,"sex",NA,0,NA,NA,NA,0,"COVID19FullyVaccPersons","2021-03-23_09-08-35","detailed",NA,NA
202103,"BE","unknown",0,"sex",NA,0,NA,NA,NA,0.43,"COVID19FullyVaccPersons","2021-03-23_09-08-35","detailed",NA,NA
202104,"BE","unknown",0,"sex",NA,0,NA,NA,NA,1.57,"COVID19FullyVaccPersons","2021-03-23_09-08-35","detailed",0,0
202105,"BE","unknown",0,"sex",NA,0,NA,NA,NA,2.86,"COVID19FullyVaccPersons","2021-03-23_09-08-35","detailed",0,0
202106,"BE","unknown",3,"sex",NA,3,NA,NA,NA,3.43,"COVID19FullyVaccPersons","2021-03-23_09-08-35","detailed",0.001,0.1
202107,"BE","unknown",8,"sex",NA,11,NA,NA,NA,4.43,"COVID19FullyVaccPersons","2021-03-23_09-08-35","detailed",0.001,0.1
202108,"BE","unknown",9,"sex",NA,20,NA,NA,NA,5.29,"COVID19FullyVaccPersons","2021-03-23_09-08-35","detailed",0.001,0.1
202109,"BE","unknown",4,"sex",NA,24,NA,NA,NA,NA,"COVID19FullyVaccPersons","2021-03-23_09-08-35","detailed",0,0
202110,"BE","unknown",7,"sex",NA,31,NA,NA,NA,NA,"COVID19FullyVaccPersons","2021-03-23_09-08-35","detailed",0.001,0.1
202111,"BE","unknown",6,"sex",NA,37,NA,NA,NA,NA,"COVID19FullyVaccPersons","2021-03-23_09-08-35","detailed",0.001,0.1
202052,"BL","male",0,"sex",141890,0,0,NA,0,NA,"COVID19FullyVaccPersons","2021-03-23_09-08-35","detailed",NA,NA
202053,"BL","male",0,"sex",141890,0,0,NA,0,NA,"COVID19FullyVaccPersons","2021-03-23_09-08-35","detailed",NA,NA
202101,"BL","male",0,"sex",141890,0,0,NA,0,NA,"COVID19FullyVaccPersons","2021-03-23_09-08-35","detailed",NA,NA
202102,"BL","male",0,"sex",141890,0,0,0.21,0,302.57,"COVID19FullyVaccPersons","2021-03-23_09-08-35","detailed",0,0
202103,"BL","male",33,"sex",141890,33,0.02,0.33,0.02,472.43,"COVID19FullyVaccPersons","2021-03-23_09-08-35","detailed",0.284,28.4
202104,"BL","male",750,"sex",141890,783,0.53,0.36,0.55,509.71,"COVID19FullyVaccPersons","2021-03-23_09-08-35","detailed",0.463,46.3
202105,"BL","male",1335,"sex",141890,2118,0.94,0.43,1.49,604.14,"COVID19FullyVaccPersons","2021-03-23_09-08-35","detailed",0.448,44.8
202106,"BL","male",1189,"sex",141890,3307,0.84,0.47,2.33,670.71,"COVID19FullyVaccPersons","2021-03-23_09-08-35","detailed",0.421,42.1
202107,"BL","male",261,"sex",141890,3568,0.18,0.53,2.51,751,"COVID19FullyVaccPersons","2021-03-23_09-08-35","detailed",0.516,51.6
202108,"BL","male",661,"sex",141890,4229,0.47,0.66,2.98,938,"COVID19FullyVaccPersons","2021-03-23_09-08-35","detailed",0.474,47.4
202109,"BL","male",466,"sex",141890,4695,0.33,NA,3.31,NA,"COVID19FullyVaccPersons","2021-03-23_09-08-35","detailed",0.521,52.1
202110,"BL","male",595,"sex",141890,5290,0.42,NA,3.73,NA,"COVID19FullyVaccPersons","2021-03-23_09-08-35","detailed",0.486,48.6
202111,"BL","male",2059,"sex",141890,7349,1.45,NA,5.18,NA,"COVID19FullyVaccPersons","2021-03-23_09-08-35","detailed",0.447,44.7
202052,"BL","female",0,"sex",147578,0,0,NA,0,NA,"COVID19FullyVaccPersons","2021-03-23_09-08-35","detailed",NA,NA
202053,"BL","female",0,"sex",147578,0,0,NA,0,NA,"COVID19FullyVaccPersons","2021-03-23_09-08-35","detailed",NA,NA
202101,"BL","female",0,"sex",147578,0,0,NA,0,NA,"COVID19FullyVaccPersons","2021-03-23_09-08-35","detailed",NA,NA
202102,"BL","female",1,"sex",147578,1,0,0.25,0,371.86,"COVID19FullyVaccPersons","2021-03-23_09-08-35","detailed",1,100
202103,"BL","female",83,"sex",147578,84,0.06,0.41,0.06,605.14,"COVID19FullyVaccPersons","2021-03-23_09-08-35","detailed",0.716,71.6
202104,"BL","female",871,"sex",147578,955,0.59,0.44,0.65,640.14,"COVID19FullyVaccPersons","2021-03-23_09-08-35","detailed",0.537,53.7
202105,"BL","female",1648,"sex",147578,2603,1.12,0.51,1.76,745,"COVID19FullyVaccPersons","2021-03-23_09-08-35","detailed",0.552,55.2
202106,"BL","female",1633,"sex",147578,4236,1.11,0.55,2.87,806.14,"COVID19FullyVaccPersons","2021-03-23_09-08-35","detailed",0.579,57.9
202107,"BL","female",245,"sex",147578,4481,0.17,0.6,3.04,884.14,"COVID19FullyVaccPersons","2021-03-23_09-08-35","detailed",0.484,48.4
202108,"BL","female",734,"sex",147578,5215,0.5,0.76,3.53,1123.86,"COVID19FullyVaccPersons","2021-03-23_09-08-35","detailed",0.526,52.6
202109,"BL","female",429,"sex",147578,5644,0.29,NA,3.82,NA,"COVID19FullyVaccPersons","2021-03-23_09-08-35","detailed",0.479,47.9
202110,"BL","female",629,"sex",147578,6273,0.43,NA,4.25,NA,"COVID19FullyVaccPersons","2021-03-23_09-08-35","detailed",0.514,51.4
202111,"BL","female",2549,"sex",147578,8822,1.73,NA,5.98,NA,"COVID19FullyVaccPersons","2021-03-23_09-08-35","detailed",0.553,55.3
202052,"BL","unknown",0,"sex",NA,0,NA,NA,NA,NA,"COVID19FullyVaccPersons","2021-03-23_09-08-35","detailed",NA,NA
202053,"BL","unknown",0,"sex",NA,0,NA,NA,NA,NA,"COVID19FullyVaccPersons","2021-03-23_09-08-35","detailed",NA,NA
202101,"BL","unknown",0,"sex",NA,0,NA,NA,NA,NA,"COVID19FullyVaccPersons","2021-03-23_09-08-35","detailed",NA,NA
202102,"BL","unknown",0,"sex",NA,0,NA,NA,NA,0,"COVID19FullyVaccPersons","2021-03-23_09-08-35","detailed",0,0
202103,"BL","unknown",0,"sex",NA,0,NA,NA,NA,0,"COVID19FullyVaccPersons","2021-03-23_09-08-35","detailed",0,0
202104,"BL","unknown",0,"sex",NA,0,NA,NA,NA,0,"COVID19FullyVaccPersons","2021-03-23_09-08-35","detailed",0,0
202105,"BL","unknown",0,"sex",NA,0,NA,NA,NA,0,"COVID19FullyVaccPersons","2021-03-23_09-08-35","detailed",0,0
202106,"BL","unknown",0,"sex",NA,0,NA,NA,NA,0,"COVID19FullyVaccPersons","2021-03-23_09-08-35","detailed",0,0
202107,"BL","unknown",0,"sex",NA,0,NA,NA,NA,0,"COVID19FullyVaccPersons","2021-03-23_09-08-35","detailed",0,0
202108,"BL","unknown",0,"sex",NA,0,NA,NA,NA,0,"COVID19FullyVaccPersons","2021-03-23_09-08-35","detailed",0,0
202109,"BL","unknown",0,"sex",NA,0,NA,NA,NA,NA,"COVID19FullyVaccPersons","2021-03-23_09-08-35","detailed",0,0
202110,"BL","unknown",0,"sex",NA,0,NA,NA,NA,NA,"COVID19FullyVaccPersons","2021-03-23_09-08-35","detailed",0,0
202111,"BL","unknown",0,"sex",NA,0,NA,NA,NA,NA,"COVID19FullyVaccPersons","2021-03-23_09-08-35","detailed",0,0
202052,"FL","male",0,"sex",19215,0,0,NA,0,NA,"COVID19FullyVaccPersons","2021-03-23_09-08-35","detailed",NA,NA
202053,"FL","male",0,"sex",19215,0,0,NA,0,NA,"COVID19FullyVaccPersons","2021-03-23_09-08-35","detailed",NA,NA
202101,"FL","male",0,"sex",19215,0,0,NA,0,NA,"COVID19FullyVaccPersons","2021-03-23_09-08-35","detailed",NA,NA
202102,"FL","male",0,"sex",19215,0,0,0,0,0.43,"COVID19FullyVaccPersons","2021-03-23_09-08-35","detailed",NA,NA
202103,"FL","male",0,"sex",19215,0,0,0.07,0,13.71,"COVID19FullyVaccPersons","2021-03-23_09-08-35","detailed",NA,NA
202104,"FL","male",0,"sex",19215,0,0,0.09,0,17.71,"COVID19FullyVaccPersons","2021-03-23_09-08-35","detailed",NA,NA
202105,"FL","male",3,"sex",19215,3,0.02,0.17,0.02,33.14,"COVID19FullyVaccPersons","2021-03-23_09-08-35","detailed",0.6,60
202106,"FL","male",93,"sex",19215,96,0.48,0.17,0.5,33.14,"COVID19FullyVaccPersons","2021-03-23_09-08-35","detailed",0.286,28.6
202107,"FL","male",28,"sex",19215,124,0.15,0.17,0.65,33.29,"COVID19FullyVaccPersons","2021-03-23_09-08-35","detailed",0.237,23.7
202108,"FL","male",108,"sex",19215,232,0.56,0.34,1.21,65.57,"COVID19FullyVaccPersons","2021-03-23_09-08-35","detailed",0.29,29
202109,"FL","male",0,"sex",19215,232,0,NA,1.21,NA,"COVID19FullyVaccPersons","2021-03-23_09-08-35","detailed",NA,NA
202110,"FL","male",1,"sex",19215,233,0.01,NA,1.21,NA,"COVID19FullyVaccPersons","2021-03-23_09-08-35","detailed",1,100
202111,"FL","male",226,"sex",19215,459,1.18,NA,2.39,NA,"COVID19FullyVaccPersons","2021-03-23_09-08-35","detailed",0.439,43.9
202052,"FL","female",0,"sex",19532,0,0,NA,0,NA,"COVID19FullyVaccPersons","2021-03-23_09-08-35","detailed",NA,NA
202053,"FL","female",0,"sex",19532,0,0,NA,0,NA,"COVID19FullyVaccPersons","2021-03-23_09-08-35","detailed",NA,NA
202101,"FL","female",0,"sex",19532,0,0,NA,0,NA,"COVID19FullyVaccPersons","2021-03-23_09-08-35","detailed",NA,NA
202102,"FL","female",0,"sex",19532,0,0,0,0,0.29,"COVID19FullyVaccPersons","2021-03-23_09-08-35","detailed",NA,NA
202103,"FL","female",0,"sex",19532,0,0,0.17,0,33.43,"COVID19FullyVaccPersons","2021-03-23_09-08-35","detailed",NA,NA
202104,"FL","female",0,"sex",19532,0,0,0.24,0,46.29,"COVID19FullyVaccPersons","2021-03-23_09-08-35","detailed",NA,NA
202105,"FL","female",2,"sex",19532,2,0.01,0.43,0.01,84,"COVID19FullyVaccPersons","2021-03-23_09-08-35","detailed",0.4,40
202106,"FL","female",232,"sex",19532,234,1.19,0.43,1.2,84,"COVID19FullyVaccPersons","2021-03-23_09-08-35","detailed",0.714,71.4
202107,"FL","female",90,"sex",19532,324,0.46,0.43,1.66,84,"COVID19FullyVaccPersons","2021-03-23_09-08-35","detailed",0.763,76.3
202108,"FL","female",264,"sex",19532,588,1.35,0.64,3.01,125.29,"COVID19FullyVaccPersons","2021-03-23_09-08-35","detailed",0.71,71
202109,"FL","female",0,"sex",19532,588,0,NA,3.01,NA,"COVID19FullyVaccPersons","2021-03-23_09-08-35","detailed",NA,NA
202110,"FL","female",0,"sex",19532,588,0,NA,3.01,NA,"COVID19FullyVaccPersons","2021-03-23_09-08-35","detailed",0,0
202111,"FL","female",289,"sex",19532,877,1.48,NA,4.49,NA,"COVID19FullyVaccPersons","2021-03-23_09-08-35","detailed",0.561,56.1
202052,"FL","unknown",0,"sex",NA,0,NA,NA,NA,NA,"COVID19FullyVaccPersons","2021-03-23_09-08-35","detailed",NA,NA
202053,"FL","unknown",0,"sex",NA,0,NA,NA,NA,NA,"COVID19FullyVaccPersons","2021-03-23_09-08-35","detailed",NA,NA
202101,"FL","unknown",0,"sex",NA,0,NA,NA,NA,NA,"COVID19FullyVaccPersons","2021-03-23_09-08-35","detailed",NA,NA
202102,"FL","unknown",0,"sex",NA,0,NA,NA,NA,0,"COVID19FullyVaccPersons","2021-03-23_09-08-35","detailed",NA,NA
202103,"FL","unknown",0,"sex",NA,0,NA,NA,NA,0,"COVID19FullyVaccPersons","2021-03-23_09-08-35","detailed",NA,NA
202104,"FL","unknown",0,"sex",NA,0,NA,NA,NA,0,"COVID19FullyVaccPersons","2021-03-23_09-08-35","detailed",NA,NA
202105,"FL","unknown",0,"sex",NA,0,NA,NA,NA,0,"COVID19FullyVaccPersons","2021-03-23_09-08-35","detailed",0,0
202106,"FL","unknown",0,"sex",NA,0,NA,NA,NA,0,"COVID19FullyVaccPersons","2021-03-23_09-08-35","detailed",0,0
202107,"FL","unknown",0,"sex",NA,0,NA,NA,NA,0,"COVID19FullyVaccPersons","2021-03-23_09-08-35","detailed",0,0
202108,"FL","unknown",0,"sex",NA,0,NA,NA,NA,0,"COVID19FullyVaccPersons","2021-03-23_09-08-35","detailed",0,0
202109,"FL","unknown",0,"sex",NA,0,NA,NA,NA,NA,"COVID19FullyVaccPersons","2021-03-23_09-08-35","detailed",NA,NA
202110,"FL","unknown",0,"sex",NA,0,NA,NA,NA,NA,"COVID19FullyVaccPersons","2021-03-23_09-08-35","detailed",0,0
202111,"FL","unknown",0,"sex",NA,0,NA,NA,NA,NA,"COVID19FullyVaccPersons","2021-03-23_09-08-35","detailed",0,0
202052,"FR","male",0,"sex",161153,0,0,NA,0,NA,"COVID19FullyVaccPersons","2021-03-23_09-08-35","detailed",NA,NA
202053,"FR","male",0,"sex",161153,0,0,NA,0,NA,"COVID19FullyVaccPersons","2021-03-23_09-08-35","detailed",NA,NA
202101,"FR","male",0,"sex",161153,0,0,NA,0,NA,"COVID19FullyVaccPersons","2021-03-23_09-08-35","detailed",NA,NA
202102,"FR","male",0,"sex",161153,0,0,0.04,0,58.43,"COVID19FullyVaccPersons","2021-03-23_09-08-35","detailed",NA,NA
202103,"FR","male",4,"sex",161153,4,0,0.08,0,134,"COVID19FullyVaccPersons","2021-03-23_09-08-35","detailed",1,100
202104,"FR","male",84,"sex",161153,88,0.05,0.19,0.05,306.71,"COVID19FullyVaccPersons","2021-03-23_09-08-35","detailed",0.264,26.4
202105,"FR","male",321,"sex",161153,409,0.2,0.31,0.25,498.71,"COVID19FullyVaccPersons","2021-03-23_09-08-35","detailed",0.257,25.7
202106,"FR","male",529,"sex",161153,938,0.33,0.43,0.58,699.71,"COVID19FullyVaccPersons","2021-03-23_09-08-35","detailed",0.362,36.2
202107,"FR","male",1209,"sex",161153,2147,0.75,0.48,1.33,775,"COVID19FullyVaccPersons","2021-03-23_09-08-35","detailed",0.448,44.8
202108,"FR","male",1344,"sex",161153,3491,0.83,0.54,2.17,870.57,"COVID19FullyVaccPersons","2021-03-23_09-08-35","detailed",0.488,48.8
202109,"FR","male",1407,"sex",161153,4898,0.87,NA,3.04,NA,"COVID19FullyVaccPersons","2021-03-23_09-08-35","detailed",0.449,44.9
202110,"FR","male",531,"sex",161153,5429,0.33,NA,3.37,NA,"COVID19FullyVaccPersons","2021-03-23_09-08-35","detailed",0.489,48.9
202111,"FR","male",753,"sex",161153,6182,0.47,NA,3.84,NA,"COVID19FullyVaccPersons","2021-03-23_09-08-35","detailed",0.474,47.4
202052,"FR","female",0,"sex",160630,0,0,NA,0,NA,"COVID19FullyVaccPersons","2021-03-23_09-08-35","detailed",NA,NA
202053,"FR","female",0,"sex",160630,0,0,NA,0,NA,"COVID19FullyVaccPersons","2021-03-23_09-08-35","detailed",NA,NA
202101,"FR","female",0,"sex",160630,0,0,NA,0,NA,"COVID19FullyVaccPersons","2021-03-23_09-08-35","detailed",NA,NA
202102,"FR","female",0,"sex",160630,0,0,0.1,0,166.29,"COVID19FullyVaccPersons","2021-03-23_09-08-35","detailed",NA,NA
202103,"FR","female",0,"sex",160630,0,0,0.19,0,299.57,"COVID19FullyVaccPersons","2021-03-23_09-08-35","detailed",0,0
202104,"FR","female",234,"sex",160630,234,0.15,0.32,0.15,512.57,"COVID19FullyVaccPersons","2021-03-23_09-08-35","detailed",0.736,73.6
202105,"FR","female",930,"sex",160630,1164,0.58,0.45,0.72,713.86,"COVID19FullyVaccPersons","2021-03-23_09-08-35","detailed",0.743,74.3
202106,"FR","female",933,"sex",160630,2097,0.58,0.6,1.31,960.29,"COVID19FullyVaccPersons","2021-03-23_09-08-35","detailed",0.638,63.8
202107,"FR","female",1491,"sex",160630,3588,0.93,0.65,2.23,1039.43,"COVID19FullyVaccPersons","2021-03-23_09-08-35","detailed",0.552,55.2
202108,"FR","female",1409,"sex",160630,4997,0.88,0.7,3.11,1125.14,"COVID19FullyVaccPersons","2021-03-23_09-08-35","detailed",0.512,51.2
202109,"FR","female",1725,"sex",160630,6722,1.07,NA,4.18,NA,"COVID19FullyVaccPersons","2021-03-23_09-08-35","detailed",0.551,55.1
202110,"FR","female",554,"sex",160630,7276,0.34,NA,4.53,NA,"COVID19FullyVaccPersons","2021-03-23_09-08-35","detailed",0.511,51.1
202111,"FR","female",834,"sex",160630,8110,0.52,NA,5.05,NA,"COVID19FullyVaccPersons","2021-03-23_09-08-35","detailed",0.526,52.6
202052,"FR","unknown",0,"sex",NA,0,NA,NA,NA,NA,"COVID19FullyVaccPersons","2021-03-23_09-08-35","detailed",NA,NA
202053,"FR","unknown",0,"sex",NA,0,NA,NA,NA,NA,"COVID19FullyVaccPersons","2021-03-23_09-08-35","detailed",NA,NA
202101,"FR","unknown",0,"sex",NA,0,NA,NA,NA,NA,"COVID19FullyVaccPersons","2021-03-23_09-08-35","detailed",NA,NA
202102,"FR","unknown",0,"sex",NA,0,NA,NA,NA,0,"COVID19FullyVaccPersons","2021-03-23_09-08-35","detailed",NA,NA
202103,"FR","unknown",0,"sex",NA,0,NA,NA,NA,0,"COVID19FullyVaccPersons","2021-03-23_09-08-35","detailed",0,0
202104,"FR","unknown",0,"sex",NA,0,NA,NA,NA,0,"COVID19FullyVaccPersons","2021-03-23_09-08-35","detailed",0,0
202105,"FR","unknown",0,"sex",NA,0,NA,NA,NA,0,"COVID19FullyVaccPersons","2021-03-23_09-08-35","detailed",0,0
202106,"FR","unknown",0,"sex",NA,0,NA,NA,NA,0,"COVID19FullyVaccPersons","2021-03-23_09-08-35","detailed",0,0
202107,"FR","unknown",0,"sex",NA,0,NA,NA,NA,0,"COVID19FullyVaccPersons","2021-03-23_09-08-35","detailed",0,0
202108,"FR","unknown",0,"sex",NA,0,NA,NA,NA,0,"COVID19FullyVaccPersons","2021-03-23_09-08-35","detailed",0,0
202109,"FR","unknown",0,"sex",NA,0,NA,NA,NA,NA,"COVID19FullyVaccPersons","2021-03-23_09-08-35","detailed",0,0
202110,"FR","unknown",0,"sex",NA,0,NA,NA,NA,NA,"COVID19FullyVaccPersons","2021-03-23_09-08-35","detailed",0,0
202111,"FR","unknown",0,"sex",NA,0,NA,NA,NA,NA,"COVID19FullyVaccPersons","2021-03-23_09-08-35","detailed",0,0
202052,"GE","male",0,"sex",244184,0,0,NA,0,NA,"COVID19FullyVaccPersons","2021-03-23_09-08-35","detailed",NA,NA
202053,"GE","male",0,"sex",244184,0,0,NA,0,NA,"COVID19FullyVaccPersons","2021-03-23_09-08-35","detailed",NA,NA
202101,"GE","male",0,"sex",244184,0,0,NA,0,NA,"COVID19FullyVaccPersons","2021-03-23_09-08-35","detailed",NA,NA
202102,"GE","male",1,"sex",244184,1,0,0.07,0,178.57,"COVID19FullyVaccPersons","2021-03-23_09-08-35","detailed",0.5,50
202103,"GE","male",0,"sex",244184,1,0,0.18,0,449.86,"COVID19FullyVaccPersons","2021-03-23_09-08-35","detailed",NA,NA
202104,"GE","male",23,"sex",244184,24,0.01,0.3,0.01,744,"COVID19FullyVaccPersons","2021-03-23_09-08-35","detailed",0.489,48.9
202105,"GE","male",1226,"sex",244184,1250,0.5,0.46,0.51,1118,"COVID19FullyVaccPersons","2021-03-23_09-08-35","detailed",0.485,48.5
202106,"GE","male",1899,"sex",244184,3149,0.78,0.54,1.29,1314.86,"COVID19FullyVaccPersons","2021-03-23_09-08-35","detailed",0.442,44.2
202107,"GE","male",2059,"sex",244184,5208,0.84,0.63,2.13,1544.43,"COVID19FullyVaccPersons","2021-03-23_09-08-35","detailed",0.433,43.3
202108,"GE","male",2618,"sex",244184,7826,1.07,0.73,3.2,1796.71,"COVID19FullyVaccPersons","2021-03-23_09-08-35","detailed",0.464,46.4
202109,"GE","male",1379,"sex",244184,9205,0.56,NA,3.77,NA,"COVID19FullyVaccPersons","2021-03-23_09-08-35","detailed",0.473,47.3
202110,"GE","male",1607,"sex",244184,10812,0.66,NA,4.43,NA,"COVID19FullyVaccPersons","2021-03-23_09-08-35","detailed",0.392,39.2
202111,"GE","male",1789,"sex",244184,12601,0.73,NA,5.16,NA,"COVID19FullyVaccPersons","2021-03-23_09-08-35","detailed",0.404,40.4
202052,"GE","female",0,"sex",259944,0,0,NA,0,NA,"COVID19FullyVaccPersons","2021-03-23_09-08-35","detailed",NA,NA
202053,"GE","female",0,"sex",259944,0,0,NA,0,NA,"COVID19FullyVaccPersons","2021-03-23_09-08-35","detailed",NA,NA
202101,"GE","female",0,"sex",259944,0,0,NA,0,NA,"COVID19FullyVaccPersons","2021-03-23_09-08-35","detailed",NA,NA
202102,"GE","female",1,"sex",259944,1,0,0.07,0,189.86,"COVID19FullyVaccPersons","2021-03-23_09-08-35","detailed",0.5,50
202103,"GE","female",0,"sex",259944,1,0,0.2,0,532.86,"COVID19FullyVaccPersons","2021-03-23_09-08-35","detailed",NA,NA
202104,"GE","female",24,"sex",259944,25,0.01,0.35,0.01,917.71,"COVID19FullyVaccPersons","2021-03-23_09-08-35","detailed",0.511,51.1
202105,"GE","female",1304,"sex",259944,1329,0.5,0.52,0.51,1349.71,"COVID19FullyVaccPersons","2021-03-23_09-08-35","detailed",0.515,51.5
202106,"GE","female",2401,"sex",259944,3730,0.92,0.6,1.43,1568.86,"COVID19FullyVaccPersons","2021-03-23_09-08-35","detailed",0.558,55.8
202107,"GE","female",2694,"sex",259944,6424,1.04,0.74,2.47,1925,"COVID19FullyVaccPersons","2021-03-23_09-08-35","detailed",0.567,56.7
202108,"GE","female",3024,"sex",259944,9448,1.16,0.88,3.63,2299.29,"COVID19FullyVaccPersons","2021-03-23_09-08-35","detailed",0.536,53.6
202109,"GE","female",1535,"sex",259944,10983,0.59,NA,4.23,NA,"COVID19FullyVaccPersons","2021-03-23_09-08-35","detailed",0.527,52.7
202110,"GE","female",2493,"sex",259944,13476,0.96,NA,5.18,NA,"COVID19FullyVaccPersons","2021-03-23_09-08-35","detailed",0.608,60.8
202111,"GE","female",2644,"sex",259944,16120,1.02,NA,6.2,NA,"COVID19FullyVaccPersons","2021-03-23_09-08-35","detailed",0.596,59.6
202052,"GE","unknown",0,"sex",NA,0,NA,NA,NA,NA,"COVID19FullyVaccPersons","2021-03-23_09-08-35","detailed",NA,NA
202053,"GE","unknown",0,"sex",NA,0,NA,NA,NA,NA,"COVID19FullyVaccPersons","2021-03-23_09-08-35","detailed",NA,NA
202101,"GE","unknown",0,"sex",NA,0,NA,NA,NA,NA,"COVID19FullyVaccPersons","2021-03-23_09-08-35","detailed",NA,NA
202102,"GE","unknown",0,"sex",NA,0,NA,NA,NA,0,"COVID19FullyVaccPersons","2021-03-23_09-08-35","detailed",0,0
202103,"GE","unknown",0,"sex",NA,0,NA,NA,NA,0,"COVID19FullyVaccPersons","2021-03-23_09-08-35","detailed",NA,NA
202104,"GE","unknown",0,"sex",NA,0,NA,NA,NA,0,"COVID19FullyVaccPersons","2021-03-23_09-08-35","detailed",0,0
202105,"GE","unknown",0,"sex",NA,0,NA,NA,NA,0,"COVID19FullyVaccPersons","2021-03-23_09-08-35","detailed",0,0
202106,"GE","unknown",0,"sex",NA,0,NA,NA,NA,0,"COVID19FullyVaccPersons","2021-03-23_09-08-35","detailed",0,0
202107,"GE","unknown",0,"sex",NA,0,NA,NA,NA,0,"COVID19FullyVaccPersons","2021-03-23_09-08-35","detailed",0,0
202108,"GE","unknown",0,"sex",NA,0,NA,NA,NA,0,"COVID19FullyVaccPersons","2021-03-23_09-08-35","detailed",0,0
202109,"GE","unknown",0,"sex",NA,0,NA,NA,NA,NA,"COVID19FullyVaccPersons","2021-03-23_09-08-35","detailed",0,0
202110,"GE","unknown",0,"sex",NA,0,NA,NA,NA,NA,"COVID19FullyVaccPersons","2021-03-23_09-08-35","detailed",0,0
202111,"GE","unknown",0,"sex",NA,0,NA,NA,NA,NA,"COVID19FullyVaccPersons","2021-03-23_09-08-35","detailed",0,0
202052,"GR","male",0,"sex",99707,0,0,NA,0,NA,"COVID19FullyVaccPersons","2021-03-23_09-08-35","detailed",NA,NA
202053,"GR","male",0,"sex",99707,0,0,NA,0,NA,"COVID19FullyVaccPersons","2021-03-23_09-08-35","detailed",NA,NA
202101,"GR","male",0,"sex",99707,0,0,NA,0,NA,"COVID19FullyVaccPersons","2021-03-23_09-08-35","detailed",NA,NA
202102,"GR","male",0,"sex",99707,0,0,0.1,0,101.14,"COVID19FullyVaccPersons","2021-03-23_09-08-35","detailed",NA,NA
202103,"GR","male",1,"sex",99707,1,0,0.19,0,190.14,"COVID19FullyVaccPersons","2021-03-23_09-08-35","detailed",1,100
202104,"GR","male",205,"sex",99707,206,0.21,0.19,0.21,194.43,"COVID19FullyVaccPersons","2021-03-23_09-08-35","detailed",0.328,32.8
202105,"GR","male",502,"sex",99707,708,0.5,0.37,0.71,366.71,"COVID19FullyVaccPersons","2021-03-23_09-08-35","detailed",0.29,29
202106,"GR","male",623,"sex",99707,1331,0.62,0.4,1.33,399,"COVID19FullyVaccPersons","2021-03-23_09-08-35","detailed",0.326,32.6
202107,"GR","male",30,"sex",99707,1361,0.03,0.53,1.36,532.57,"COVID19FullyVaccPersons","2021-03-23_09-08-35","detailed",0.395,39.5
202108,"GR","male",1206,"sex",99707,2567,1.21,0.68,2.57,682.43,"COVID19FullyVaccPersons","2021-03-23_09-08-35","detailed",0.484,48.4
202109,"GR","male",226,"sex",99707,2793,0.23,NA,2.8,NA,"COVID19FullyVaccPersons","2021-03-23_09-08-35","detailed",0.356,35.6
202110,"GR","male",936,"sex",99707,3729,0.94,NA,3.74,NA,"COVID19FullyVaccPersons","2021-03-23_09-08-35","detailed",0.43,43
202111,"GR","male",1254,"sex",99707,4983,1.26,NA,5,NA,"COVID19FullyVaccPersons","2021-03-23_09-08-35","detailed",0.502,50.2
202052,"GR","female",0,"sex",99314,0,0,NA,0,NA,"COVID19FullyVaccPersons","2021-03-23_09-08-35","detailed",NA,NA
202053,"GR","female",0,"sex",99314,0,0,NA,0,NA,"COVID19FullyVaccPersons","2021-03-23_09-08-35","detailed",NA,NA
202101,"GR","female",0,"sex",99314,0,0,NA,0,NA,"COVID19FullyVaccPersons","2021-03-23_09-08-35","detailed",NA,NA
202102,"GR","female",0,"sex",99314,0,0,0.24,0,235.29,"COVID19FullyVaccPersons","2021-03-23_09-08-35","detailed",NA,NA
202103,"GR","female",0,"sex",99314,0,0,0.42,0,419.43,"COVID19FullyVaccPersons","2021-03-23_09-08-35","detailed",0,0
202104,"GR","female",420,"sex",99314,420,0.42,0.43,0.42,426,"COVID19FullyVaccPersons","2021-03-23_09-08-35","detailed",0.672,67.2
202105,"GR","female",1227,"sex",99314,1647,1.24,0.61,1.66,609.57,"COVID19FullyVaccPersons","2021-03-23_09-08-35","detailed",0.71,71
202106,"GR","female",1289,"sex",99314,2936,1.3,0.67,2.96,668,"COVID19FullyVaccPersons","2021-03-23_09-08-35","detailed",0.674,67.4
202107,"GR","female",46,"sex",99314,2982,0.05,0.85,3,845.43,"COVID19FullyVaccPersons","2021-03-23_09-08-35","detailed",0.605,60.5
202108,"GR","female",1285,"sex",99314,4267,1.29,0.97,4.3,963.29,"COVID19FullyVaccPersons","2021-03-23_09-08-35","detailed",0.516,51.6
202109,"GR","female",409,"sex",99314,4676,0.41,NA,4.71,NA,"COVID19FullyVaccPersons","2021-03-23_09-08-35","detailed",0.644,64.4
202110,"GR","female",1242,"sex",99314,5918,1.25,NA,5.96,NA,"COVID19FullyVaccPersons","2021-03-23_09-08-35","detailed",0.57,57
202111,"GR","female",1245,"sex",99314,7163,1.25,NA,7.21,NA,"COVID19FullyVaccPersons","2021-03-23_09-08-35","detailed",0.498,49.8
202052,"GR","unknown",0,"sex",NA,0,NA,NA,NA,NA,"COVID19FullyVaccPersons","2021-03-23_09-08-35","detailed",NA,NA
202053,"GR","unknown",0,"sex",NA,0,NA,NA,NA,NA,"COVID19FullyVaccPersons","2021-03-23_09-08-35","detailed",NA,NA
202101,"GR","unknown",0,"sex",NA,0,NA,NA,NA,NA,"COVID19FullyVaccPersons","2021-03-23_09-08-35","detailed",NA,NA
202102,"GR","unknown",0,"sex",NA,0,NA,NA,NA,0,"COVID19FullyVaccPersons","2021-03-23_09-08-35","detailed",NA,NA
202103,"GR","unknown",0,"sex",NA,0,NA,NA,NA,0,"COVID19FullyVaccPersons","2021-03-23_09-08-35","detailed",0,0
202104,"GR","unknown",0,"sex",NA,0,NA,NA,NA,0,"COVID19FullyVaccPersons","2021-03-23_09-08-35","detailed",0,0
202105,"GR","unknown",0,"sex",NA,0,NA,NA,NA,0,"COVID19FullyVaccPersons","2021-03-23_09-08-35","detailed",0,0
202106,"GR","unknown",0,"sex",NA,0,NA,NA,NA,0,"COVID19FullyVaccPersons","2021-03-23_09-08-35","detailed",0,0
202107,"GR","unknown",0,"sex",NA,0,NA,NA,NA,0,"COVID19FullyVaccPersons","2021-03-23_09-08-35","detailed",0,0
202108,"GR","unknown",0,"sex",NA,0,NA,NA,NA,0,"COVID19FullyVaccPersons","2021-03-23_09-08-35","detailed",0,0
202109,"GR","unknown",0,"sex",NA,0,NA,NA,NA,NA,"COVID19FullyVaccPersons","2021-03-23_09-08-35","detailed",0,0
202110,"GR","unknown",0,"sex",NA,0,NA,NA,NA,NA,"COVID19FullyVaccPersons","2021-03-23_09-08-35","detailed",0,0
202111,"GR","unknown",0,"sex",NA,0,NA,NA,NA,NA,"COVID19FullyVaccPersons","2021-03-23_09-08-35","detailed",0,0
202052,"JU","male",0,"sex",36400,0,0,NA,0,NA,"COVID19FullyVaccPersons","2021-03-23_09-08-35","detailed",NA,NA
202053,"JU","male",0,"sex",36400,0,0,NA,0,NA,"COVID19FullyVaccPersons","2021-03-23_09-08-35","detailed",NA,NA
202101,"JU","male",0,"sex",36400,0,0,NA,0,NA,"COVID19FullyVaccPersons","2021-03-23_09-08-35","detailed",NA,NA
202102,"JU","male",0,"sex",36400,0,0,0.1,0,35,"COVID19FullyVaccPersons","2021-03-23_09-08-35","detailed",NA,NA
202103,"JU","male",0,"sex",36400,0,0,0.14,0,52.29,"COVID19FullyVaccPersons","2021-03-23_09-08-35","detailed",NA,NA
202104,"JU","male",0,"sex",36400,0,0,0.29,0,106,"COVID19FullyVaccPersons","2021-03-23_09-08-35","detailed",NA,NA
202105,"JU","male",245,"sex",36400,245,0.67,0.37,0.67,136.86,"COVID19FullyVaccPersons","2021-03-23_09-08-35","detailed",0.336,33.6
202106,"JU","male",121,"sex",36400,366,0.33,0.46,1.01,168.14,"COVID19FullyVaccPersons","2021-03-23_09-08-35","detailed",0.275,27.5
202107,"JU","male",376,"sex",36400,742,1.03,0.56,2.04,203.71,"COVID19FullyVaccPersons","2021-03-23_09-08-35","detailed",0.457,45.7
202108,"JU","male",216,"sex",36400,958,0.59,0.66,2.63,241.29,"COVID19FullyVaccPersons","2021-03-23_09-08-35","detailed",0.498,49.8
202109,"JU","male",219,"sex",36400,1177,0.6,NA,3.23,NA,"COVID19FullyVaccPersons","2021-03-23_09-08-35","detailed",0.521,52.1
202110,"JU","male",249,"sex",36400,1426,0.68,NA,3.92,NA,"COVID19FullyVaccPersons","2021-03-23_09-08-35","detailed",0.479,47.9
202111,"JU","male",263,"sex",36400,1689,0.72,NA,4.64,NA,"COVID19FullyVaccPersons","2021-03-23_09-08-35","detailed",0.453,45.3
202052,"JU","female",0,"sex",37184,0,0,NA,0,NA,"COVID19FullyVaccPersons","2021-03-23_09-08-35","detailed",NA,NA
202053,"JU","female",0,"sex",37184,0,0,NA,0,NA,"COVID19FullyVaccPersons","2021-03-23_09-08-35","detailed",NA,NA
202101,"JU","female",0,"sex",37184,0,0,NA,0,NA,"COVID19FullyVaccPersons","2021-03-23_09-08-35","detailed",NA,NA
202102,"JU","female",0,"sex",37184,0,0,0.19,0,69.29,"COVID19FullyVaccPersons","2021-03-23_09-08-35","detailed",NA,NA
202103,"JU","female",0,"sex",37184,0,0,0.31,0,114.86,"COVID19FullyVaccPersons","2021-03-23_09-08-35","detailed",NA,NA
202104,"JU","female",0,"sex",37184,0,0,0.48,0,178.71,"COVID19FullyVaccPersons","2021-03-23_09-08-35","detailed",NA,NA
202105,"JU","female",485,"sex",37184,485,1.3,0.56,1.3,209.86,"COVID19FullyVaccPersons","2021-03-23_09-08-35","detailed",0.664,66.4
202106,"JU","female",319,"sex",37184,804,0.86,0.64,2.16,238.57,"COVID19FullyVaccPersons","2021-03-23_09-08-35","detailed",0.725,72.5
202107,"JU","female",447,"sex",37184,1251,1.2,0.75,3.36,277.29,"COVID19FullyVaccPersons","2021-03-23_09-08-35","detailed",0.543,54.3
202108,"JU","female",218,"sex",37184,1469,0.59,0.87,3.95,322.71,"COVID19FullyVaccPersons","2021-03-23_09-08-35","detailed",0.502,50.2
202109,"JU","female",201,"sex",37184,1670,0.54,NA,4.49,NA,"COVID19FullyVaccPersons","2021-03-23_09-08-35","detailed",0.479,47.9
202110,"JU","female",271,"sex",37184,1941,0.73,NA,5.22,NA,"COVID19FullyVaccPersons","2021-03-23_09-08-35","detailed",0.521,52.1
202111,"JU","female",318,"sex",37184,2259,0.86,NA,6.08,NA,"COVID19FullyVaccPersons","2021-03-23_09-08-35","detailed",0.547,54.7
202052,"JU","unknown",0,"sex",NA,0,NA,NA,NA,NA,"COVID19FullyVaccPersons","2021-03-23_09-08-35","detailed",NA,NA
202053,"JU","unknown",0,"sex",NA,0,NA,NA,NA,NA,"COVID19FullyVaccPersons","2021-03-23_09-08-35","detailed",NA,NA
202101,"JU","unknown",0,"sex",NA,0,NA,NA,NA,NA,"COVID19FullyVaccPersons","2021-03-23_09-08-35","detailed",NA,NA
202102,"JU","unknown",0,"sex",NA,0,NA,NA,NA,0,"COVID19FullyVaccPersons","2021-03-23_09-08-35","detailed",NA,NA
202103,"JU","unknown",0,"sex",NA,0,NA,NA,NA,0,"COVID19FullyVaccPersons","2021-03-23_09-08-35","detailed",NA,NA
202104,"JU","unknown",0,"sex",NA,0,NA,NA,NA,0,"COVID19FullyVaccPersons","2021-03-23_09-08-35","detailed",NA,NA
202105,"JU","unknown",0,"sex",NA,0,NA,NA,NA,0,"COVID19FullyVaccPersons","2021-03-23_09-08-35","detailed",0,0
202106,"JU","unknown",0,"sex",NA,0,NA,NA,NA,0,"COVID19FullyVaccPersons","2021-03-23_09-08-35","detailed",0,0
202107,"JU","unknown",0,"sex",NA,0,NA,NA,NA,0,"COVID19FullyVaccPersons","2021-03-23_09-08-35","detailed",0,0
202108,"JU","unknown",0,"sex",NA,0,NA,NA,NA,0,"COVID19FullyVaccPersons","2021-03-23_09-08-35","detailed",0,0
202109,"JU","unknown",0,"sex",NA,0,NA,NA,NA,NA,"COVID19FullyVaccPersons","2021-03-23_09-08-35","detailed",0,0
202110,"JU","unknown",0,"sex",NA,0,NA,NA,NA,NA,"COVID19FullyVaccPersons","2021-03-23_09-08-35","detailed",0,0
202111,"JU","unknown",0,"sex",NA,0,NA,NA,NA,NA,"COVID19FullyVaccPersons","2021-03-23_09-08-35","detailed",0,0
202052,"NE","male",0,"sex",86495,0,0,NA,0,NA,"COVID19FullyVaccPersons","2021-03-23_09-08-35","detailed",NA,NA
202053,"NE","male",0,"sex",86495,0,0,NA,0,NA,"COVID19FullyVaccPersons","2021-03-23_09-08-35","detailed",NA,NA
202101,"NE","male",0,"sex",86495,0,0,NA,0,NA,"COVID19FullyVaccPersons","2021-03-23_09-08-35","detailed",NA,NA
202102,"NE","male",0,"sex",86495,0,0,0.06,0,50.29,"COVID19FullyVaccPersons","2021-03-23_09-08-35","detailed",NA,NA
202103,"NE","male",0,"sex",86495,0,0,0.08,0,69.86,"COVID19FullyVaccPersons","2021-03-23_09-08-35","detailed",NA,NA
202104,"NE","male",249,"sex",86495,249,0.29,0.16,0.29,137.14,"COVID19FullyVaccPersons","2021-03-23_09-08-35","detailed",0.56,56
202105,"NE","male",103,"sex",86495,352,0.12,0.27,0.41,231.14,"COVID19FullyVaccPersons","2021-03-23_09-08-35","detailed",0.579,57.9
202106,"NE","male",137,"sex",86495,489,0.16,0.45,0.57,390.43,"COVID19FullyVaccPersons","2021-03-23_09-08-35","detailed",0.559,55.9
202107,"NE","male",471,"sex",86495,960,0.54,0.69,1.11,598.14,"COVID19FullyVaccPersons","2021-03-23_09-08-35","detailed",0.442,44.2
202108,"NE","male",658,"sex",86495,1618,0.76,0.68,1.87,586,"COVID19FullyVaccPersons","2021-03-23_09-08-35","detailed",0.394,39.4
202109,"NE","male",1115,"sex",86495,2733,1.29,NA,3.16,NA,"COVID19FullyVaccPersons","2021-03-23_09-08-35","detailed",0.419,41.9
202110,"NE","male",1454,"sex",86495,4187,1.68,NA,4.84,NA,"COVID19FullyVaccPersons","2021-03-23_09-08-35","detailed",0.416,41.6
202111,"NE","male",164,"sex",86495,4351,0.19,NA,5.03,NA,"COVID19FullyVaccPersons","2021-03-23_09-08-35","detailed",0.494,49.4
202052,"NE","female",0,"sex",90001,0,0,NA,0,NA,"COVID19FullyVaccPersons","2021-03-23_09-08-35","detailed",NA,NA
202053,"NE","female",0,"sex",90001,0,0,NA,0,NA,"COVID19FullyVaccPersons","2021-03-23_09-08-35","detailed",NA,NA
202101,"NE","female",0,"sex",90001,0,0,NA,0,NA,"COVID19FullyVaccPersons","2021-03-23_09-08-35","detailed",NA,NA
202102,"NE","female",0,"sex",90001,0,0,0.04,0,38.71,"COVID19FullyVaccPersons","2021-03-23_09-08-35","detailed",NA,NA
202103,"NE","female",0,"sex",90001,0,0,0.06,0,54.14,"COVID19FullyVaccPersons","2021-03-23_09-08-35","detailed",NA,NA
202104,"NE","female",196,"sex",90001,196,0.22,0.15,0.22,139,"COVID19FullyVaccPersons","2021-03-23_09-08-35","detailed",0.44,44
202105,"NE","female",75,"sex",90001,271,0.08,0.32,0.3,283.71,"COVID19FullyVaccPersons","2021-03-23_09-08-35","detailed",0.421,42.1
202106,"NE","female",108,"sex",90001,379,0.12,0.56,0.42,504.14,"COVID19FullyVaccPersons","2021-03-23_09-08-35","detailed",0.441,44.1
202107,"NE","female",594,"sex",90001,973,0.66,0.88,1.08,796,"COVID19FullyVaccPersons","2021-03-23_09-08-35","detailed",0.558,55.8
202108,"NE","female",1013,"sex",90001,1986,1.13,0.88,2.21,792,"COVID19FullyVaccPersons","2021-03-23_09-08-35","detailed",0.606,60.6
202109,"NE","female",1543,"sex",90001,3529,1.71,NA,3.92,NA,"COVID19FullyVaccPersons","2021-03-23_09-08-35","detailed",0.581,58.1
202110,"NE","female",2043,"sex",90001,5572,2.27,NA,6.19,NA,"COVID19FullyVaccPersons","2021-03-23_09-08-35","detailed",0.584,58.4
202111,"NE","female",168,"sex",90001,5740,0.19,NA,6.38,NA,"COVID19FullyVaccPersons","2021-03-23_09-08-35","detailed",0.506,50.6
202052,"NE","unknown",0,"sex",NA,0,NA,NA,NA,NA,"COVID19FullyVaccPersons","2021-03-23_09-08-35","detailed",NA,NA
202053,"NE","unknown",0,"sex",NA,0,NA,NA,NA,NA,"COVID19FullyVaccPersons","2021-03-23_09-08-35","detailed",NA,NA
202101,"NE","unknown",0,"sex",NA,0,NA,NA,NA,NA,"COVID19FullyVaccPersons","2021-03-23_09-08-35","detailed",NA,NA
202102,"NE","unknown",0,"sex",NA,0,NA,NA,NA,0,"COVID19FullyVaccPersons","2021-03-23_09-08-35","detailed",NA,NA
202103,"NE","unknown",0,"sex",NA,0,NA,NA,NA,0,"COVID19FullyVaccPersons","2021-03-23_09-08-35","detailed",NA,NA
202104,"NE","unknown",0,"sex",NA,0,NA,NA,NA,0,"COVID19FullyVaccPersons","2021-03-23_09-08-35","detailed",0,0
202105,"NE","unknown",0,"sex",NA,0,NA,NA,NA,0,"COVID19FullyVaccPersons","2021-03-23_09-08-35","detailed",0,0
202106,"NE","unknown",0,"sex",NA,0,NA,NA,NA,0,"COVID19FullyVaccPersons","2021-03-23_09-08-35","detailed",0,0
202107,"NE","unknown",0,"sex",NA,0,NA,NA,NA,0,"COVID19FullyVaccPersons","2021-03-23_09-08-35","detailed",0,0
202108,"NE","unknown",0,"sex",NA,0,NA,NA,NA,0,"COVID19FullyVaccPersons","2021-03-23_09-08-35","detailed",0,0
202109,"NE","unknown",0,"sex",NA,0,NA,NA,NA,NA,"COVID19FullyVaccPersons","2021-03-23_09-08-35","detailed",0,0
202110,"NE","unknown",0,"sex",NA,0,NA,NA,NA,NA,"COVID19FullyVaccPersons","2021-03-23_09-08-35","detailed",0,0
202111,"NE","unknown",0,"sex",NA,0,NA,NA,NA,NA,"COVID19FullyVaccPersons","2021-03-23_09-08-35","detailed",0,0
202052,"SH","male",0,"sex",40768,0,0,NA,0,NA,"COVID19FullyVaccPersons","2021-03-23_09-08-35","detailed",NA,NA
202053,"SH","male",0,"sex",40768,0,0,NA,0,NA,"COVID19FullyVaccPersons","2021-03-23_09-08-35","detailed",NA,NA
202101,"SH","male",0,"sex",40768,0,0,NA,0,NA,"COVID19FullyVaccPersons","2021-03-23_09-08-35","detailed",NA,NA
202102,"SH","male",0,"sex",40768,0,0,0.04,0,18.29,"COVID19FullyVaccPersons","2021-03-23_09-08-35","detailed",0,0
202103,"SH","male",50,"sex",40768,50,0.12,0.19,0.12,77.43,"COVID19FullyVaccPersons","2021-03-23_09-08-35","detailed",0.521,52.1
202104,"SH","male",63,"sex",40768,113,0.15,0.41,0.28,168.57,"COVID19FullyVaccPersons","2021-03-23_09-08-35","detailed",0.371,37.1
202105,"SH","male",15,"sex",40768,128,0.04,0.46,0.31,187.14,"COVID19FullyVaccPersons","2021-03-23_09-08-35","detailed",0.429,42.9
202106,"SH","male",414,"sex",40768,542,1.02,0.66,1.33,270.14,"COVID19FullyVaccPersons","2021-03-23_09-08-35","detailed",0.344,34.4
202107,"SH","male",638,"sex",40768,1180,1.56,0.73,2.89,298.57,"COVID19FullyVaccPersons","2021-03-23_09-08-35","detailed",0.365,36.5
202108,"SH","male",130,"sex",40768,1310,0.32,0.8,3.21,323.86,"COVID19FullyVaccPersons","2021-03-23_09-08-35","detailed",0.402,40.2
202109,"SH","male",581,"sex",40768,1891,1.43,NA,4.64,NA,"COVID19FullyVaccPersons","2021-03-23_09-08-35","detailed",0.421,42.1
202110,"SH","male",249,"sex",40768,2140,0.61,NA,5.25,NA,"COVID19FullyVaccPersons","2021-03-23_09-08-35","detailed",0.381,38.1
202111,"SH","male",240,"sex",40768,2380,0.59,NA,5.84,NA,"COVID19FullyVaccPersons","2021-03-23_09-08-35","detailed",0.483,48.3
202052,"SH","female",0,"sex",41580,0,0,NA,0,NA,"COVID19FullyVaccPersons","2021-03-23_09-08-35","detailed",NA,NA
202053,"SH","female",0,"sex",41580,0,0,NA,0,NA,"COVID19FullyVaccPersons","2021-03-23_09-08-35","detailed",NA,NA
202101,"SH","female",0,"sex",41580,0,0,NA,0,NA,"COVID19FullyVaccPersons","2021-03-23_09-08-35","detailed",NA,NA
202102,"SH","female",1,"sex",41580,1,0,0.06,0,24.86,"COVID19FullyVaccPersons","2021-03-23_09-08-35","detailed",1,100
202103,"SH","female",46,"sex",41580,47,0.11,0.33,0.11,137.43,"COVID19FullyVaccPersons","2021-03-23_09-08-35","detailed",0.479,47.9
202104,"SH","female",107,"sex",41580,154,0.26,0.71,0.37,295.86,"COVID19FullyVaccPersons","2021-03-23_09-08-35","detailed",0.629,62.9
202105,"SH","female",20,"sex",41580,174,0.05,0.78,0.42,323.43,"COVID19FullyVaccPersons","2021-03-23_09-08-35","detailed",0.571,57.1
202106,"SH","female",788,"sex",41580,962,1.9,1.05,2.31,437.43,"COVID19FullyVaccPersons","2021-03-23_09-08-35","detailed",0.656,65.6
202107,"SH","female",1109,"sex",41580,2071,2.67,1.18,4.98,488.71,"COVID19FullyVaccPersons","2021-03-23_09-08-35","detailed",0.635,63.5
202108,"SH","female",193,"sex",41580,2264,0.46,1.23,5.44,510.14,"COVID19FullyVaccPersons","2021-03-23_09-08-35","detailed",0.598,59.8
202109,"SH","female",799,"sex",41580,3063,1.92,NA,7.37,NA,"COVID19FullyVaccPersons","2021-03-23_09-08-35","detailed",0.579,57.9
202110,"SH","female",405,"sex",41580,3468,0.97,NA,8.34,NA,"COVID19FullyVaccPersons","2021-03-23_09-08-35","detailed",0.619,61.9
202111,"SH","female",257,"sex",41580,3725,0.62,NA,8.96,NA,"COVID19FullyVaccPersons","2021-03-23_09-08-35","detailed",0.517,51.7
202052,"SH","unknown",0,"sex",NA,0,NA,NA,NA,NA,"COVID19FullyVaccPersons","2021-03-23_09-08-35","detailed",NA,NA
202053,"SH","unknown",0,"sex",NA,0,NA,NA,NA,NA,"COVID19FullyVaccPersons","2021-03-23_09-08-35","detailed",NA,NA
202101,"SH","unknown",0,"sex",NA,0,NA,NA,NA,NA,"COVID19FullyVaccPersons","2021-03-23_09-08-35","detailed",NA,NA
202102,"SH","unknown",0,"sex",NA,0,NA,NA,NA,0,"COVID19FullyVaccPersons","2021-03-23_09-08-35","detailed",0,0
202103,"SH","unknown",0,"sex",NA,0,NA,NA,NA,0,"COVID19FullyVaccPersons","2021-03-23_09-08-35","detailed",0,0
202104,"SH","unknown",0,"sex",NA,0,NA,NA,NA,0,"COVID19FullyVaccPersons","2021-03-23_09-08-35","detailed",0,0
202105,"SH","unknown",0,"sex",NA,0,NA,NA,NA,0,"COVID19FullyVaccPersons","2021-03-23_09-08-35","detailed",0,0
202106,"SH","unknown",0,"sex",NA,0,NA,NA,NA,0,"COVID19FullyVaccPersons","2021-03-23_09-08-35","detailed",0,0
202107,"SH","unknown",0,"sex",NA,0,NA,NA,NA,0,"COVID19FullyVaccPersons","2021-03-23_09-08-35","detailed",0,0
202108,"SH","unknown",0,"sex",NA,0,NA,NA,NA,0,"COVID19FullyVaccPersons","2021-03-23_09-08-35","detailed",0,0
202109,"SH","unknown",0,"sex",NA,0,NA,NA,NA,NA,"COVID19FullyVaccPersons","2021-03-23_09-08-35","detailed",0,0
202110,"SH","unknown",0,"sex",NA,0,NA,NA,NA,NA,"COVID19FullyVaccPersons","2021-03-23_09-08-35","detailed",0,0
202111,"SH","unknown",0,"sex",NA,0,NA,NA,NA,NA,"COVID19FullyVaccPersons","2021-03-23_09-08-35","detailed",0,0
202052,"SO","male",0,"sex",137659,0,0,NA,0,NA,"COVID19FullyVaccPersons","2021-03-23_09-08-35","detailed",NA,NA
202053,"SO","male",0,"sex",137659,0,0,NA,0,NA,"COVID19FullyVaccPersons","2021-03-23_09-08-35","detailed",NA,NA
202101,"SO","male",2,"sex",137659,2,0,NA,0,NA,"COVID19FullyVaccPersons","2021-03-23_09-08-35","detailed",1,100
202102,"SO","male",0,"sex",137659,2,0,0.15,0,202.57,"COVID19FullyVaccPersons","2021-03-23_09-08-35","detailed",NA,NA
202103,"SO","male",25,"sex",137659,27,0.02,0.24,0.02,332.14,"COVID19FullyVaccPersons","2021-03-23_09-08-35","detailed",0.198,19.8
202104,"SO","male",249,"sex",137659,276,0.18,0.46,0.2,636.14,"COVID19FullyVaccPersons","2021-03-23_09-08-35","detailed",0.414,41.4
202105,"SO","male",1142,"sex",137659,1418,0.83,0.61,1.03,835.29,"COVID19FullyVaccPersons","2021-03-23_09-08-35","detailed",0.377,37.7
202106,"SO","male",907,"sex",137659,2325,0.66,0.64,1.69,885.86,"COVID19FullyVaccPersons","2021-03-23_09-08-35","detailed",0.506,50.6
202107,"SO","male",2128,"sex",137659,4453,1.55,0.73,3.23,1005.14,"COVID19FullyVaccPersons","2021-03-23_09-08-35","detailed",0.444,44.4
202108,"SO","male",1396,"sex",137659,5849,1.01,0.75,4.25,1035,"COVID19FullyVaccPersons","2021-03-23_09-08-35","detailed",0.457,45.7
202109,"SO","male",354,"sex",137659,6203,0.26,NA,4.51,NA,"COVID19FullyVaccPersons","2021-03-23_09-08-35","detailed",0.497,49.7
202110,"SO","male",860,"sex",137659,7063,0.62,NA,5.13,NA,"COVID19FullyVaccPersons","2021-03-23_09-08-35","detailed",0.489,48.9
202111,"SO","male",458,"sex",137659,7521,0.33,NA,5.46,NA,"COVID19FullyVaccPersons","2021-03-23_09-08-35","detailed",0.506,50.6
202052,"SO","female",0,"sex",137588,0,0,NA,0,NA,"COVID19FullyVaccPersons","2021-03-23_09-08-35","detailed",NA,NA
202053,"SO","female",0,"sex",137588,0,0,NA,0,NA,"COVID19FullyVaccPersons","2021-03-23_09-08-35","detailed",NA,NA
202101,"SO","female",0,"sex",137588,0,0,NA,0,NA,"COVID19FullyVaccPersons","2021-03-23_09-08-35","detailed",0,0
202102,"SO","female",0,"sex",137588,0,0,0.24,0,334.14,"COVID19FullyVaccPersons","2021-03-23_09-08-35","detailed",NA,NA
202103,"SO","female",101,"sex",137588,101,0.07,0.33,0.07,460.71,"COVID19FullyVaccPersons","2021-03-23_09-08-35","detailed",0.802,80.2
202104,"SO","female",353,"sex",137588,454,0.26,0.61,0.33,841.71,"COVID19FullyVaccPersons","2021-03-23_09-08-35","detailed",0.586,58.6
202105,"SO","female",1885,"sex",137588,2339,1.37,0.78,1.7,1078.71,"COVID19FullyVaccPersons","2021-03-23_09-08-35","detailed",0.623,62.3
202106,"SO","female",886,"sex",137588,3225,0.64,0.82,2.34,1129.86,"COVID19FullyVaccPersons","2021-03-23_09-08-35","detailed",0.494,49.4
202107,"SO","female",2667,"sex",137588,5892,1.94,0.9,4.28,1243.57,"COVID19FullyVaccPersons","2021-03-23_09-08-35","detailed",0.556,55.6
202108,"SO","female",1659,"sex",137588,7551,1.21,0.91,5.49,1257,"COVID19FullyVaccPersons","2021-03-23_09-08-35","detailed",0.543,54.3
202109,"SO","female",358,"sex",137588,7909,0.26,NA,5.75,NA,"COVID19FullyVaccPersons","2021-03-23_09-08-35","detailed",0.503,50.3
202110,"SO","female",897,"sex",137588,8806,0.65,NA,6.4,NA,"COVID19FullyVaccPersons","2021-03-23_09-08-35","detailed",0.511,51.1
202111,"SO","female",447,"sex",137588,9253,0.32,NA,6.73,NA,"COVID19FullyVaccPersons","2021-03-23_09-08-35","detailed",0.494,49.4
202052,"SO","unknown",0,"sex",NA,0,NA,NA,NA,NA,"COVID19FullyVaccPersons","2021-03-23_09-08-35","detailed",NA,NA
202053,"SO","unknown",0,"sex",NA,0,NA,NA,NA,NA,"COVID19FullyVaccPersons","2021-03-23_09-08-35","detailed",NA,NA
202101,"SO","unknown",0,"sex",NA,0,NA,NA,NA,NA,"COVID19FullyVaccPersons","2021-03-23_09-08-35","detailed",0,0
202102,"SO","unknown",0,"sex",NA,0,NA,NA,NA,0,"COVID19FullyVaccPersons","2021-03-23_09-08-35","detailed",NA,NA
202103,"SO","unknown",0,"sex",NA,0,NA,NA,NA,0,"COVID19FullyVaccPersons","2021-03-23_09-08-35","detailed",0,0
202104,"SO","unknown",0,"sex",NA,0,NA,NA,NA,0,"COVID19FullyVaccPersons","2021-03-23_09-08-35","detailed",0,0
202105,"SO","unknown",0,"sex",NA,0,NA,NA,NA,0,"COVID19FullyVaccPersons","2021-03-23_09-08-35","detailed",0,0
202106,"SO","unknown",0,"sex",NA,0,NA,NA,NA,0,"COVID19FullyVaccPersons","2021-03-23_09-08-35","detailed",0,0
202107,"SO","unknown",0,"sex",NA,0,NA,NA,NA,0,"COVID19FullyVaccPersons","2021-03-23_09-08-35","detailed",0,0
202108,"SO","unknown",0,"sex",NA,0,NA,NA,NA,0,"COVID19FullyVaccPersons","2021-03-23_09-08-35","detailed",0,0
202109,"SO","unknown",0,"sex",NA,0,NA,NA,NA,NA,"COVID19FullyVaccPersons","2021-03-23_09-08-35","detailed",0,0
202110,"SO","unknown",0,"sex",NA,0,NA,NA,NA,NA,"COVID19FullyVaccPersons","2021-03-23_09-08-35","detailed",0,0
202111,"SO","unknown",0,"sex",NA,0,NA,NA,NA,NA,"COVID19FullyVaccPersons","2021-03-23_09-08-35","detailed",0,0
202052,"UR","male",0,"sex",18739,0,0,NA,0,NA,"COVID19FullyVaccPersons","2021-03-23_09-08-35","detailed",NA,NA
202053,"UR","male",0,"sex",18739,0,0,NA,0,NA,"COVID19FullyVaccPersons","2021-03-23_09-08-35","detailed",NA,NA
202101,"UR","male",0,"sex",18739,0,0,NA,0,NA,"COVID19FullyVaccPersons","2021-03-23_09-08-35","detailed",NA,NA
202102,"UR","male",0,"sex",18739,0,0,0.25,0,47.14,"COVID19FullyVaccPersons","2021-03-23_09-08-35","detailed",NA,NA
202103,"UR","male",0,"sex",18739,0,0,0.39,0,73,"COVID19FullyVaccPersons","2021-03-23_09-08-35","detailed",NA,NA
202104,"UR","male",144,"sex",18739,144,0.77,0.52,0.77,97.86,"COVID19FullyVaccPersons","2021-03-23_09-08-35","detailed",0.393,39.3
202105,"UR","male",186,"sex",18739,330,0.99,0.65,1.76,121.43,"COVID19FullyVaccPersons","2021-03-23_09-08-35","detailed",0.443,44.3
202106,"UR","male",181,"sex",18739,511,0.97,0.74,2.73,138.57,"COVID19FullyVaccPersons","2021-03-23_09-08-35","detailed",0.499,49.9
202107,"UR","male",174,"sex",18739,685,0.93,0.88,3.66,165.14,"COVID19FullyVaccPersons","2021-03-23_09-08-35","detailed",0.512,51.2
202108,"UR","male",165,"sex",18739,850,0.88,0.79,4.54,147.43,"COVID19FullyVaccPersons","2021-03-23_09-08-35","detailed",0.467,46.7
202109,"UR","male",120,"sex",18739,970,0.64,NA,5.18,NA,"COVID19FullyVaccPersons","2021-03-23_09-08-35","detailed",0.471,47.1
202110,"UR","male",186,"sex",18739,1156,0.99,NA,6.17,NA,"COVID19FullyVaccPersons","2021-03-23_09-08-35","detailed",0.457,45.7
202111,"UR","male",20,"sex",18739,1176,0.11,NA,6.28,NA,"COVID19FullyVaccPersons","2021-03-23_09-08-35","detailed",0.556,55.6
202052,"UR","female",0,"sex",17964,0,0,NA,0,NA,"COVID19FullyVaccPersons","2021-03-23_09-08-35","detailed",NA,NA
202053,"UR","female",0,"sex",17964,0,0,NA,0,NA,"COVID19FullyVaccPersons","2021-03-23_09-08-35","detailed",NA,NA
202101,"UR","female",0,"sex",17964,0,0,NA,0,NA,"COVID19FullyVaccPersons","2021-03-23_09-08-35","detailed",NA,NA
202102,"UR","female",0,"sex",17964,0,0,0.36,0,65.14,"COVID19FullyVaccPersons","2021-03-23_09-08-35","detailed",NA,NA
202103,"UR","female",0,"sex",17964,0,0,0.51,0,91.14,"COVID19FullyVaccPersons","2021-03-23_09-08-35","detailed",NA,NA
202104,"UR","female",222,"sex",17964,222,1.24,0.64,1.24,114.86,"COVID19FullyVaccPersons","2021-03-23_09-08-35","detailed",0.607,60.7
202105,"UR","female",234,"sex",17964,456,1.3,0.79,2.54,141.71,"COVID19FullyVaccPersons","2021-03-23_09-08-35","detailed",0.557,55.7
202106,"UR","female",182,"sex",17964,638,1.01,0.9,3.55,161,"COVID19FullyVaccPersons","2021-03-23_09-08-35","detailed",0.501,50.1
202107,"UR","female",166,"sex",17964,804,0.92,1.07,4.48,192.57,"COVID19FullyVaccPersons","2021-03-23_09-08-35","detailed",0.488,48.8
202108,"UR","female",188,"sex",17964,992,1.05,0.91,5.52,163.14,"COVID19FullyVaccPersons","2021-03-23_09-08-35","detailed",0.533,53.3
202109,"UR","female",135,"sex",17964,1127,0.75,NA,6.27,NA,"COVID19FullyVaccPersons","2021-03-23_09-08-35","detailed",0.529,52.9
202110,"UR","female",221,"sex",17964,1348,1.23,NA,7.5,NA,"COVID19FullyVaccPersons","2021-03-23_09-08-35","detailed",0.543,54.3
202111,"UR","female",16,"sex",17964,1364,0.09,NA,7.59,NA,"COVID19FullyVaccPersons","2021-03-23_09-08-35","detailed",0.444,44.4
202052,"UR","unknown",0,"sex",NA,0,NA,NA,NA,NA,"COVID19FullyVaccPersons","2021-03-23_09-08-35","detailed",NA,NA
202053,"UR","unknown",0,"sex",NA,0,NA,NA,NA,NA,"COVID19FullyVaccPersons","2021-03-23_09-08-35","detailed",NA,NA
202101,"UR","unknown",0,"sex",NA,0,NA,NA,NA,NA,"COVID19FullyVaccPersons","2021-03-23_09-08-35","detailed",NA,NA
202102,"UR","unknown",0,"sex",NA,0,NA,NA,NA,0,"COVID19FullyVaccPersons","2021-03-23_09-08-35","detailed",NA,NA
202103,"UR","unknown",0,"sex",NA,0,NA,NA,NA,0,"COVID19FullyVaccPersons","2021-03-23_09-08-35","detailed",NA,NA
202104,"UR","unknown",0,"sex",NA,0,NA,NA,NA,0,"COVID19FullyVaccPersons","2021-03-23_09-08-35","detailed",0,0
202105,"UR","unknown",0,"sex",NA,0,NA,NA,NA,0,"COVID19FullyVaccPersons","2021-03-23_09-08-35","detailed",0,0
202106,"UR","unknown",0,"sex",NA,0,NA,NA,NA,0,"COVID19FullyVaccPersons","2021-03-23_09-08-35","detailed",0,0
202107,"UR","unknown",0,"sex",NA,0,NA,NA,NA,0,"COVID19FullyVaccPersons","2021-03-23_09-08-35","detailed",0,0
202108,"UR","unknown",0,"sex",NA,0,NA,NA,NA,0,"COVID19FullyVaccPersons","2021-03-23_09-08-35","detailed",0,0
202109,"UR","unknown",0,"sex",NA,0,NA,NA,NA,NA,"COVID19FullyVaccPersons","2021-03-23_09-08-35","detailed",0,0
202110,"UR","unknown",0,"sex",NA,0,NA,NA,NA,NA,"COVID19FullyVaccPersons","2021-03-23_09-08-35","detailed",0,0
202111,"UR","unknown",0,"sex",NA,0,NA,NA,NA,NA,"COVID19FullyVaccPersons","2021-03-23_09-08-35","detailed",0,0
202052,"VD","male",0,"sex",395189,0,0,NA,0,NA,"COVID19FullyVaccPersons","2021-03-23_09-08-35","detailed",NA,NA
202053,"VD","male",0,"sex",395189,0,0,NA,0,NA,"COVID19FullyVaccPersons","2021-03-23_09-08-35","detailed",NA,NA
202101,"VD","male",0,"sex",395189,0,0,NA,0,NA,"COVID19FullyVaccPersons","2021-03-23_09-08-35","detailed",NA,NA
202102,"VD","male",0,"sex",395189,0,0,0.02,0,80,"COVID19FullyVaccPersons","2021-03-23_09-08-35","detailed",NA,NA
202103,"VD","male",0,"sex",395189,0,0,0.13,0,524.29,"COVID19FullyVaccPersons","2021-03-23_09-08-35","detailed",NA,NA
202104,"VD","male",31,"sex",395189,31,0.01,0.25,0.01,971.86,"COVID19FullyVaccPersons","2021-03-23_09-08-35","detailed",0.333,33.3
202105,"VD","male",529,"sex",395189,560,0.13,0.4,0.14,1588.14,"COVID19FullyVaccPersons","2021-03-23_09-08-35","detailed",0.342,34.2
202106,"VD","male",3110,"sex",395189,3670,0.79,0.47,0.93,1850.29,"COVID19FullyVaccPersons","2021-03-23_09-08-35","detailed",0.422,42.2
202107,"VD","male",3133,"sex",395189,6803,0.79,0.5,1.72,1973.14,"COVID19FullyVaccPersons","2021-03-23_09-08-35","detailed",0.473,47.3
202108,"VD","male",4314,"sex",395189,11117,1.09,0.64,2.81,2545.86,"COVID19FullyVaccPersons","2021-03-23_09-08-35","detailed",0.452,45.2
202109,"VD","male",1835,"sex",395189,12952,0.46,NA,3.28,NA,"COVID19FullyVaccPersons","2021-03-23_09-08-35","detailed",0.45,45
202110,"VD","male",860,"sex",395189,13812,0.22,NA,3.5,NA,"COVID19FullyVaccPersons","2021-03-23_09-08-35","detailed",0.407,40.7
202111,"VD","male",4040,"sex",395189,17852,1.02,NA,4.52,NA,"COVID19FullyVaccPersons","2021-03-23_09-08-35","detailed",0.465,46.5
202052,"VD","female",0,"sex",409909,0,0,NA,0,NA,"COVID19FullyVaccPersons","2021-03-23_09-08-35","detailed",NA,NA
202053,"VD","female",0,"sex",409909,0,0,NA,0,NA,"COVID19FullyVaccPersons","2021-03-23_09-08-35","detailed",NA,NA
202101,"VD","female",0,"sex",409909,0,0,NA,0,NA,"COVID19FullyVaccPersons","2021-03-23_09-08-35","detailed",NA,NA
202102,"VD","female",0,"sex",409909,0,0,0.04,0,154.14,"COVID19FullyVaccPersons","2021-03-23_09-08-35","detailed",NA,NA
202103,"VD","female",0,"sex",409909,0,0,0.19,0,762.43,"COVID19FullyVaccPersons","2021-03-23_09-08-35","detailed",NA,NA
202104,"VD","female",62,"sex",409909,62,0.02,0.31,0.02,1260.71,"COVID19FullyVaccPersons","2021-03-23_09-08-35","detailed",0.667,66.7
202105,"VD","female",1017,"sex",409909,1079,0.25,0.49,0.26,2009,"COVID19FullyVaccPersons","2021-03-23_09-08-35","detailed",0.658,65.8
202106,"VD","female",4258,"sex",409909,5337,1.04,0.57,1.3,2329.14,"COVID19FullyVaccPersons","2021-03-23_09-08-35","detailed",0.578,57.8
202107,"VD","female",3488,"sex",409909,8825,0.85,0.61,2.15,2508.29,"COVID19FullyVaccPersons","2021-03-23_09-08-35","detailed",0.527,52.7
202108,"VD","female",5238,"sex",409909,14063,1.28,0.77,3.43,3162.71,"COVID19FullyVaccPersons","2021-03-23_09-08-35","detailed",0.548,54.8
202109,"VD","female",2241,"sex",409909,16304,0.55,NA,3.98,NA,"COVID19FullyVaccPersons","2021-03-23_09-08-35","detailed",0.55,55
202110,"VD","female",1254,"sex",409909,17558,0.31,NA,4.28,NA,"COVID19FullyVaccPersons","2021-03-23_09-08-35","detailed",0.593,59.3
202111,"VD","female",4643,"sex",409909,22201,1.13,NA,5.42,NA,"COVID19FullyVaccPersons","2021-03-23_09-08-35","detailed",0.535,53.5
202052,"VD","unknown",0,"sex",NA,0,NA,NA,NA,NA,"COVID19FullyVaccPersons","2021-03-23_09-08-35","detailed",NA,NA
202053,"VD","unknown",0,"sex",NA,0,NA,NA,NA,NA,"COVID19FullyVaccPersons","2021-03-23_09-08-35","detailed",NA,NA
202101,"VD","unknown",0,"sex",NA,0,NA,NA,NA,NA,"COVID19FullyVaccPersons","2021-03-23_09-08-35","detailed",NA,NA
202102,"VD","unknown",0,"sex",NA,0,NA,NA,NA,0,"COVID19FullyVaccPersons","2021-03-23_09-08-35","detailed",NA,NA
202103,"VD","unknown",0,"sex",NA,0,NA,NA,NA,0,"COVID19FullyVaccPersons","2021-03-23_09-08-35","detailed",NA,NA
202104,"VD","unknown",0,"sex",NA,0,NA,NA,NA,0,"COVID19FullyVaccPersons","2021-03-23_09-08-35","detailed",0,0
202105,"VD","unknown",0,"sex",NA,0,NA,NA,NA,0,"COVID19FullyVaccPersons","2021-03-23_09-08-35","detailed",0,0
202106,"VD","unknown",0,"sex",NA,0,NA,NA,NA,0,"COVID19FullyVaccPersons","2021-03-23_09-08-35","detailed",0,0
202107,"VD","unknown",0,"sex",NA,0,NA,NA,NA,0,"COVID19FullyVaccPersons","2021-03-23_09-08-35","detailed",0,0
202108,"VD","unknown",0,"sex",NA,0,NA,NA,NA,0,"COVID19FullyVaccPersons","2021-03-23_09-08-35","detailed",0,0
202109,"VD","unknown",0,"sex",NA,0,NA,NA,NA,NA,"COVID19FullyVaccPersons","2021-03-23_09-08-35","detailed",0,0
202110,"VD","unknown",0,"sex",NA,0,NA,NA,NA,NA,"COVID19FullyVaccPersons","2021-03-23_09-08-35","detailed",0,0
202111,"VD","unknown",0,"sex",NA,0,NA,NA,NA,NA,"COVID19FullyVaccPersons","2021-03-23_09-08-35","detailed",0,0
202052,"ZG","male",0,"sex",64594,0,0,NA,0,NA,"COVID19FullyVaccPersons","2021-03-23_09-08-35","detailed",NA,NA
202053,"ZG","male",1,"sex",64594,1,0,NA,0,NA,"COVID19FullyVaccPersons","2021-03-23_09-08-35","detailed",0.333,33.3
202101,"ZG","male",0,"sex",64594,1,0,NA,0,NA,"COVID19FullyVaccPersons","2021-03-23_09-08-35","detailed",NA,NA
202102,"ZG","male",101,"sex",64594,102,0.16,0.09,0.16,57.43,"COVID19FullyVaccPersons","2021-03-23_09-08-35","detailed",0.486,48.6
202103,"ZG","male",49,"sex",64594,151,0.08,0.2,0.23,129.57,"COVID19FullyVaccPersons","2021-03-23_09-08-35","detailed",0.338,33.8
202104,"ZG","male",2,"sex",64594,153,0,0.59,0.24,383.29,"COVID19FullyVaccPersons","2021-03-23_09-08-35","detailed",0.286,28.6
202105,"ZG","male",249,"sex",64594,402,0.39,0.7,0.62,449.57,"COVID19FullyVaccPersons","2021-03-23_09-08-35","detailed",0.431,43.1
202106,"ZG","male",505,"sex",64594,907,0.78,0.71,1.4,460.29,"COVID19FullyVaccPersons","2021-03-23_09-08-35","detailed",0.489,48.9
202107,"ZG","male",1777,"sex",64594,2684,2.75,0.72,4.16,466.14,"COVID19FullyVaccPersons","2021-03-23_09-08-35","detailed",0.452,45.2
202108,"ZG","male",464,"sex",64594,3148,0.72,0.76,4.87,488.14,"COVID19FullyVaccPersons","2021-03-23_09-08-35","detailed",0.441,44.1
202109,"ZG","male",176,"sex",64594,3324,0.27,NA,5.15,NA,"COVID19FullyVaccPersons","2021-03-23_09-08-35","detailed",0.477,47.7
202110,"ZG","male",90,"sex",64594,3414,0.14,NA,5.29,NA,"COVID19FullyVaccPersons","2021-03-23_09-08-35","detailed",0.523,52.3
202111,"ZG","male",156,"sex",64594,3570,0.24,NA,5.53,NA,"COVID19FullyVaccPersons","2021-03-23_09-08-35","detailed",0.443,44.3
202052,"ZG","female",0,"sex",63048,0,0,NA,0,NA,"COVID19FullyVaccPersons","2021-03-23_09-08-35","detailed",NA,NA
202053,"ZG","female",2,"sex",63048,2,0,NA,0,NA,"COVID19FullyVaccPersons","2021-03-23_09-08-35","detailed",0.667,66.7
202101,"ZG","female",0,"sex",63048,2,0,NA,0,NA,"COVID19FullyVaccPersons","2021-03-23_09-08-35","detailed",NA,NA
202102,"ZG","female",107,"sex",63048,109,0.17,0.12,0.17,77,"COVID19FullyVaccPersons","2021-03-23_09-08-35","detailed",0.514,51.4
202103,"ZG","female",96,"sex",63048,205,0.15,0.24,0.33,152.43,"COVID19FullyVaccPersons","2021-03-23_09-08-35","detailed",0.662,66.2
202104,"ZG","female",5,"sex",63048,210,0.01,0.73,0.33,459.43,"COVID19FullyVaccPersons","2021-03-23_09-08-35","detailed",0.714,71.4
202105,"ZG","female",329,"sex",63048,539,0.52,0.86,0.85,543.29,"COVID19FullyVaccPersons","2021-03-23_09-08-35","detailed",0.569,56.9
202106,"ZG","female",528,"sex",63048,1067,0.84,0.88,1.69,555.57,"COVID19FullyVaccPersons","2021-03-23_09-08-35","detailed",0.511,51.1
202107,"ZG","female",2151,"sex",63048,3218,3.41,0.88,5.1,553.57,"COVID19FullyVaccPersons","2021-03-23_09-08-35","detailed",0.548,54.8
202108,"ZG","female",587,"sex",63048,3805,0.93,0.92,6.04,580.86,"COVID19FullyVaccPersons","2021-03-23_09-08-35","detailed",0.559,55.9
202109,"ZG","female",193,"sex",63048,3998,0.31,NA,6.34,NA,"COVID19FullyVaccPersons","2021-03-23_09-08-35","detailed",0.523,52.3
202110,"ZG","female",82,"sex",63048,4080,0.13,NA,6.47,NA,"COVID19FullyVaccPersons","2021-03-23_09-08-35","detailed",0.477,47.7
202111,"ZG","female",196,"sex",63048,4276,0.31,NA,6.78,NA,"COVID19FullyVaccPersons","2021-03-23_09-08-35","detailed",0.557,55.7
202052,"ZG","unknown",0,"sex",NA,0,NA,NA,NA,NA,"COVID19FullyVaccPersons","2021-03-23_09-08-35","detailed",NA,NA
202053,"ZG","unknown",0,"sex",NA,0,NA,NA,NA,NA,"COVID19FullyVaccPersons","2021-03-23_09-08-35","detailed",0,0
202101,"ZG","unknown",0,"sex",NA,0,NA,NA,NA,NA,"COVID19FullyVaccPersons","2021-03-23_09-08-35","detailed",NA,NA
202102,"ZG","unknown",0,"sex",NA,0,NA,NA,NA,0,"COVID19FullyVaccPersons","2021-03-23_09-08-35","detailed",0,0
202103,"ZG","unknown",0,"sex",NA,0,NA,NA,NA,0,"COVID19FullyVaccPersons","2021-03-23_09-08-35","detailed",0,0
202104,"ZG","unknown",0,"sex",NA,0,NA,NA,NA,0,"COVID19FullyVaccPersons","2021-03-23_09-08-35","detailed",0,0
202105,"ZG","unknown",0,"sex",NA,0,NA,NA,NA,0,"COVID19FullyVaccPersons","2021-03-23_09-08-35","detailed",0,0
202106,"ZG","unknown",0,"sex",NA,0,NA,NA,NA,0,"COVID19FullyVaccPersons","2021-03-23_09-08-35","detailed",0,0
202107,"ZG","unknown",0,"sex",NA,0,NA,NA,NA,0,"COVID19FullyVaccPersons","2021-03-23_09-08-35","detailed",0,0
202108,"ZG","unknown",0,"sex",NA,0,NA,NA,NA,0,"COVID19FullyVaccPersons","2021-03-23_09-08-35","detailed",0,0
202109,"ZG","unknown",0,"sex",NA,0,NA,NA,NA,NA,"COVID19FullyVaccPersons","2021-03-23_09-08-35","detailed",0,0
202110,"ZG","unknown",0,"sex",NA,0,NA,NA,NA,NA,"COVID19FullyVaccPersons","2021-03-23_09-08-35","detailed",0,0
202111,"ZG","unknown",0,"sex",NA,0,NA,NA,NA,NA,"COVID19FullyVaccPersons","2021-03-23_09-08-35","detailed",0,0